1,Dominga,Hughland,dhughland0@vimeo.com,(910) 4909405,(540) 2401704,0 Lakewood Drive,Fayetteville,North Carolina,28305,Goodwin Inc,Administrative Officer,4,100,Agricultural Production-Crops
2,Frannie,Mead,fmead1@elegantthemes.com,(601) 6282227,(334) 3753412,55 Sullivan Drive,Jackson,Mississippi,39210,Wiegand LLC,Recruiter,4,200,Agricultural Prod-Livestock & Animal Specialties
3,Mellisa,Bearman,mbearman2@woothemes.com,(804) 5036153,(757) 9782490,9 Laurel Alley,Richmond,Virginia,23289,Heaney Group,Product Engineer,4,700,Agricultural Services
4,Marika,Cassar,mcassar3@behance.net,(360) 9231185,(757) 6485832,98554 Reindahl Center,Vancouver,Washington,98687,Grimes-Schumm,Product Engineer,4,800,Forestry
5,Joanna,Simenet,jsimenet4@cbslocal.com,(210) 4456052,(602) 9946427,476 Evergreen Parkway,San Antonio,Texas,78230,"Casper, West and Steuber",Assistant Manager,4,900,"Fishing, Hunting and Trapping"
6,Selene,McCrainor,smccrainor5@technorati.com,(540) 2056783,(281) 7772793,05008 Golden Leaf Way,Roanoke,Virginia,24014,Haag-Monahan,Director of Sales,4,1000,Metal Mining
7,Marti,Arthars,marthars6@bbb.org,(215) 9628071,(814) 6234049,73978 Rusk Parkway,Philadelphia,Pennsylvania,19131,Konopelski Group,Design Engineer,4,1040,Gold and Silver Ores
8,Avigdor,Frackiewicz,afrackiewicz7@comsenz.com,(701) 4527288,(540) 5467403,99 Commercial Way,Bismarck,North Dakota,58505,Fadel Inc,Computer Systems Analyst II,4,1090,Miscellaneous Metal Ores
9,Sydney,Murname,smurname8@telegraph.co.uk,(626) 5027921,(941) 8726092,914 Meadow Valley Center,Pasadena,California,91199,Stiedemann Inc,Media Manager II,4,1220,Bituminous Coal & Lignite Mining
10,Deana,Flay,dflay9@behance.net,(502) 2101226,(724) 1188596,97864 Schurz Plaza,Louisville,Kentucky,40250,Abbott-McCullough,Tax Accountant,4,1221,Bituminous Coal & Lignite Surface Mining
11,Thalia,Willgrass,twillgrassa@digg.com,(501) 2003678,(971) 8432111,928 La Follette Terrace,Little Rock,Arkansas,72222,Bernhard-Gaylord,GIS Technical Architect,4,1311,Crude Petroleum & Natural Gas
12,Essy,Dunlea,edunleab@usatoday.com,(239) 1877055,(651) 7862761,02564 Farwell Trail,Naples,Florida,34102,Greenholt Inc,Food Chemist,4,1381,Drilling Oil & Gas Wells
13,Kilian,Chazerand,kchazerandc@ox.ac.uk,(559) 4846517,(860) 2852252,9 Autumn Leaf Trail,Fresno,California,93794,"Koelpin, Bradtke and Fisher",Senior Developer,4,1382,Oil & Gas Field Exploration Services
14,Jere,MacMenamie,jmacmenamied@youtu.be,(210) 6192709,(513) 1592018,7 Village Green Crossing,San Antonio,Texas,78240,Marquardt-Kunze,Data Coordiator,4,1389,"Oil & Gas Field Services, NEC"
15,Rivi,Pappin,rpappine@nydailynews.com,(330) 8447664,(202) 3007190,755 Canary Point,Warren,Ohio,44485,Hamill-Kris,Registered Nurse,4,1400,Mining & Quarrying of Nonmetallic Minerals (No Fuels)
16,Brooks,Axell,baxellf@slashdot.org,(601) 3870222,(518) 1585370,20 Park Meadow Plaza,Meridian,Mississippi,39305,"Bednar, Hodkiewicz and Walsh",Marketing Assistant,4,1520,General Bldg Contractors - Residential Bldgs
17,Bank,Duckham,bduckhamg@vk.com,(239) 6429395,(585) 5838385,43017 Bobwhite Way,Naples,Florida,34102,Stanton Inc,Chemical Engineer,4,1531,Operative Builders
18,Megen,McCurrie,mmccurrieh@jimdo.com,(302) 7814262,(952) 4769007,0932 Maywood Hill,Wilmington,Delaware,19897,Murray Inc,Analyst Programmer,4,1540,General Bldg Contractors - Nonresidential Bldgs
19,Jayme,Height,jheighti@hubpages.com,(203) 2313120,(626) 4465649,5 Pawling Lane,New Haven,Connecticut,6520,Walsh and Sons,Payment Adjustment Coordinator,4,1600,Heavy Construction Other Than Bldg Const - Contractors
20,Liv,Toolin,ltoolinj@java.com,(901) 8691736,(260) 2585408,24 Cardinal Street,Memphis,Tennessee,38197,Larson Group,Occupational Therapist,4,1623,"Water, Sewer, Pipeline, Comm & Power Line Construction"
21,Rhys,Kinnane,rkinnanek@surveymonkey.com,(361) 9318792,(713) 3327771,6290 Eggendart Court,Corpus Christi,Texas,78465,"Langosh, Glover and Gorczany",Project Manager,4,1629,"Heavy Construction, Not Elsewhere Classified[9]"
22,Amabelle,Woodthorpe,awoodthorpel@list-manage.com,(918) 1433105,(503) 1879079,74238 Prairie Rose Terrace,Tulsa,Oklahoma,74184,"McLaughlin, Christiansen and Weissnat",Dental Hygienist,4,1700,Construction - Special Trade Contractors
23,Mauricio,Mellanby,mmellanbym@eventbrite.com,(818) 6437739,(702) 2769438,120 Kingsford Court,Burbank,California,91520,Erdman-Fisher,Information Systems Manager,4,1731,Electrical Work
24,Warner,Sacchetti,wsacchettin@123-reg.co.uk,(303) 7279888,(786) 4473634,9422 Morningstar Lane,Boulder,Colorado,80310,"Bergnaum, Schimmel and Sanford",Clinical Specialist,4,2000,Food and Kindred Products
25,Debi,McGooch,dmcgoocho@msu.edu,(803) 7340596,(415) 3414413,00 Manitowish Road,Columbia,South Carolina,29220,Mohr LLC,Web Developer II,4,2011,Meat Packing Plants
26,Vail,Frankom,vfrankomp@github.io,(407) 1568291,(304) 1338414,54402 Dahle Point,Orlando,Florida,32868,McDermott Inc,Payment Adjustment Coordinator,4,2013,Sausages & Other Prepared Meat Products
27,Dimitry,Golling,dgollingq@list-manage.com,(203) 2774881,(913) 6991895,74 Buena Vista Way,Stamford,Connecticut,6905,"Nader, Wintheiser and Cruickshank",Clinical Specialist,4,2015,Poultry Slaughtering and Processing
28,Millie,Vakhrushev,mvakhrushevr@prlog.org,(816) 9190924,(619) 3816574,9338 Kingsford Park,Kansas City,Missouri,64160,"VonRueden, Hackett and Littel",Human Resources Manager,4,2020,Dairy Products
29,Rolfe,Spenclay,rspenclays@hhs.gov,(360) 9788052,(202) 9209993,8892 Kensington Alley,Vancouver,Washington,98687,Hessel-Dickens,Executive Secretary,4,2024,Ice Cream & Frozen Desserts
30,Jedediah,Ramble,jramblet@infoseek.co.jp,(719) 7437711,(513) 9785793,272 Jana Park,Colorado Springs,Colorado,80930,Schuppe-Carroll,Administrative Assistant IV,4,2030,"Canned, Frozen & Preserved Fruit, Veg & Food Specialties"
31,Kerwinn,Jerrome,kjerromeu@mayoclinic.com,(209) 2814455,(408) 3050829,3797 Mcbride Center,Fresno,California,93726,Waters Inc,Quality Control Specialist,4,2033,"Canned, Fruits, Veg, Preserves, Jams & Jellies"
32,Claribel,Cashmore,ccashmorev@myspace.com,(754) 4449370,(612) 2587916,02 Stephen Street,Fort Lauderdale,Florida,33355,"Harber, Kunde and Swaniawski",Account Executive,4,2040,Grain Mill Products
33,Kimmi,Nancarrow,knancarroww@twitter.com,(517) 2282256,(510) 5064954,5 Springview Alley,Lansing,Michigan,48901,Kilback and Sons,Accountant I,4,2050,Bakery Products
34,Cary,Beamont,cbeamontx@last.fm,(727) 4668554,(915) 8300435,92 Sycamore Terrace,Largo,Florida,34643,Russel-Osinski,Nurse Practicioner,4,2052,Cookies & Crackers
35,Leoine,Strut,lstruty@reddit.com,(913) 6692083,(936) 1248394,8193 Forest Run Plaza,Kansas City,Kansas,66112,"Ullrich, Monahan and Nikolaus",Speech Pathologist,4,2060,Sugar & Confectionery Products
36,Nicol,Stansbie,nstansbiez@behance.net,(203) 6668286,(561) 5490418,189 Browning Junction,Waterbury,Connecticut,6726,Hackett-Miller,Engineer III,4,2070,Fats & Oils
37,Wynne,Scolli,wscolli10@umn.edu,(314) 5509193,(757) 3235533,316 Center Park,Saint Louis,Missouri,63150,"Baumbach, Pollich and Kris",Financial Advisor,4,2080,Beverages
38,Sanderson,Arnull,sarnull11@digg.com,(516) 6359003,(786) 7157699,86042 Dakota Point,Jamaica,New York,11407,Lebsack-Reynolds,Marketing Assistant,4,2082,Malt Beverages
39,Peyton,Topping,ptopping12@freewebs.com,(702) 5200593,(713) 5418562,2 Iowa Place,Las Vegas,Nevada,89130,Pagac LLC,Computer Systems Analyst II,4,2086,Bottled & Canned Soft Drinks & Carbonated Waters
40,Alphard,Stelli,astelli13@ebay.co.uk,(510) 6953406,(508) 8346286,5641 Mayer Lane,Richmond,California,94807,"Macejkovic, Lind and Beier",Biostatistician III,4,2090,Miscellaneous Food Preparations & Kindred Products
41,Rory,Brimley,rbrimley14@over-blog.com,(561) 4681163,(843) 8771232,3 Di Loreto Point,Lake Worth,Florida,33462,Muller and Sons,Web Designer I,4,2092,Prepared Fresh or Frozen Fish & Seafood
42,Brandi,Henniger,bhenniger15@ovh.net,(573) 4893446,(210) 9338800,92 Granby Avenue,Columbia,Missouri,65218,"Nienow, Goyette and Klein",Database Administrator III,4,2100,Tobacco Products
43,Orly,Brien,obrien16@google.ca,(503) 4645785,(304) 3442195,914 Eagan Road,Portland,Oregon,97211,"Nikolaus, Schaden and Klein",Nurse Practicioner,4,2111,Cigarettes
44,Aile,Ownsworth,aownsworth17@seattletimes.com,(517) 9392409,(859) 5831723,0 Walton Crossing,Lansing,Michigan,48901,Wolf Group,Recruiting Manager,4,2200,Textile Mill Products
45,Niles,Featherstonehaugh,nfeatherstonehaugh18@zdnet.com,(812) 1862501,(718) 7720460,80 Crest Line Park,Bloomington,Indiana,47405,Schamberger-Cassin,Professor,4,2211,"Broadwoven Fabric Mills, Cotton"
46,Corrie,Klimas,cklimas19@a8.net,(561) 2897321,(334) 1650139,2851 Warbler Circle,Boca Raton,Florida,33487,Stroman-Muller,Accountant I,4,2221,"Broadwoven Fabric Mills, Man Made Fiber & Silk"
47,Markus,Van Dijk,mvandijk1a@sogou.com,(517) 5581933,(682) 5555771,717 Elgar Parkway,Lansing,Michigan,48956,"Reichel, Witting and Torphy",Staff Accountant I,4,2250,Knitting Mills
48,Bryna,Gravatt,bgravatt1b@booking.com,(907) 4810148,(804) 6889654,574 Fulton Point,Juneau,Alaska,99812,Stokes-Powlowski,Civil Engineer,4,2253,Knit Outerwear Mills
49,Delmar,Gildersleeve,dgildersleeve1c@sogou.com,(612) 3461481,(757) 4254441,47259 Union Pass,Minneapolis,Minnesota,55487,Stracke-Koch,Structural Engineer,4,2273,Carpets & Rugs
50,Myrle,Marcoolyn,mmarcoolyn1d@zdnet.com,(318) 6218629,(336) 6518294,0 Sunbrook Avenue,Shreveport,Louisiana,71105,Halvorson-Schulist,Software Consultant,4,2300,Apparel & Other Finished Prods of Fabrics & Similar Matl
51,Aloin,Ketton,aketton1e@ibm.com,(971) 9282627,(862) 1998354,2842 Anniversary Park,Portland,Oregon,97201,"Langworth, Mueller and Ward",Sales Representative,4,2320,"Men's & Boys' Furnishings, Work Clothing, & Allied Garments"
52,Darius,Fancet,dfancet1f@cnbc.com,(404) 3059258,(304) 4757101,37833 Eliot Circle,Atlanta,Georgia,30343,"Casper, Hudson and Howell",Financial Analyst,4,2330,"Women's, Misses', and Juniors Outerwear"
53,Earle,Pilipets,epilipets1g@about.me,(513) 2227826,(405) 7374729,81 American Ash Point,Cincinnati,Ohio,45264,Windler Group,Quality Engineer,4,2340,"Women's, Misses', Children's & Infant's Undergarments"
54,Karalee,Teasell,kteasell1h@smugmug.com,(701) 2575463,(701) 6428368,495 Clove Park,Fargo,North Dakota,58122,White-Pfeffer,Social Worker,4,2390,Miscellaneous Fabricated Textile Products
55,Kimball,McCard,kmccard1i@xinhuanet.com,(908) 2816833,(253) 2288356,6 Cascade Way,Elizabeth,New Jersey,7208,King Inc,Programmer II,4,2400,Lumber & Wood Products (No Furniture)
56,Joey,Keasy,jkeasy1j@webeden.co.uk,(775) 6829219,(701) 1143381,39929 Kensington Place,Reno,Nevada,89550,Brown and Sons,VP Quality Control,4,2421,"Sawmills & Planing Mills, General"
57,Sorcha,Gracewood,sgracewood1k@google.com,(812) 2422402,(904) 1470867,55948 Hollow Ridge Road,Terre Haute,Indiana,47812,Kub-Sauer,Design Engineer,4,2430,"Millwood, Veneer, Plywood, & Structural Wood Members"
58,Ethelred,Keyse,ekeyse1l@narod.ru,(816) 3753087,(313) 8865084,6 Tomscot Crossing,Kansas City,Missouri,64142,Emmerich-Connelly,Geologist III,4,2451,Mobile Homes
59,Barrett,Torrent,btorrent1m@sciencedirect.com,(302) 7141345,(816) 9321081,39 Summer Ridge Crossing,Wilmington,Delaware,19897,"Hyatt, Keeling and Klocko",Registered Nurse,4,2452,Prefabricated Wood Bldgs & Components
60,Dukey,Hudd,dhudd1n@flickr.com,(302) 3849391,(720) 8287643,126 Kenwood Park,Wilmington,Delaware,19810,Quigley-Romaguera,Quality Control Specialist,4,2510,Household Furniture
61,Jdavie,Towe,jtowe1o@nih.gov,(504) 7280628,(504) 7618592,860 Twin Pines Avenue,New Orleans,Louisiana,70179,"Ondricka, Wintheiser and Schuster",Occupational Therapist,4,2511,"Wood Household Furniture, (No Upholstered)"
62,Borg,Hapke,bhapke1p@cnn.com,(518) 5950614,(504) 5834736,5431 Dayton Crossing,Albany,New York,12210,"Spencer, Osinski and Beer",Physical Therapy Assistant,4,2520,Office Furniture
63,Bink,Lyddiatt,blyddiatt1q@constantcontact.com,(505) 1178743,(512) 7598939,97 Chive Park,Santa Fe,New Mexico,87592,Little Group,Editor,4,2522,Office Furniture (No Wood)
64,Pansie,Aspinwall,paspinwall1r@berkeley.edu,(309) 4590003,(714) 5893496,37368 Crest Line Place,Peoria,Illinois,61605,"Kunde, Mraz and Hamill",Human Resources Manager,4,2531,Public Bldg & Related Furniture
65,Florina,Boylan,fboylan1s@sourceforge.net,(806) 2037433,(863) 2529899,56619 Veith Circle,Lubbock,Texas,79410,Kihn and Sons,Recruiting Manager,4,2540,"Partitions, Shelvg, Lockers, & office & Store Fixtures"
66,Harmon,Burness,hburness1t@facebook.com,(904) 5102958,(718) 3516191,9341 Randy Junction,Jacksonville,Florida,32277,"Pollich, Reinger and Emmerich",Payment Adjustment Coordinator,4,2590,Miscellaneous Furniture & Fixtures
67,Waring,Sugge,wsugge1u@npr.org,(510) 2239655,(405) 9311425,64076 Melby Drive,Oakland,California,94660,Witting-Considine,Office Assistant II,4,2600,Papers & Allied Products
68,Verene,Fitzmaurice,vfitzmaurice1v@hexun.com,(321) 1444075,(402) 3752212,6513 Ronald Regan Circle,Palm Bay,Florida,32909,Hoeger Inc,Nurse,4,2611,Pulp Mills
69,Tanya,Charlton,tcharlton1w@wix.com,(952) 3589752,(212) 9105399,18 Fremont Parkway,Young America,Minnesota,55573,Schumm Inc,Environmental Specialist,4,2621,Paper Mills
70,Sherie,Van den Velde,svandenvelde1x@a8.net,(915) 1340123,(805) 6346013,675 Arrowood Junction,El Paso,Texas,79934,Aufderhar-Gorczany,Payment Adjustment Coordinator,4,2631,Paperboard Mills
71,Geri,Luddy,gluddy1y@cdc.gov,(352) 1462457,(901) 7047871,7935 Springview Pass,Gainesville,Florida,32610,VonRueden-Jerde,Chemical Engineer,4,2650,Paperboard Containers & Boxes
72,Vicki,Bedham,vbedham1z@issuu.com,(617) 7594083,(313) 9551483,79 Quincy Trail,Boston,Massachusetts,2203,Rempel Group,Office Assistant I,4,2670,Converted Paper & Paperboard Prods (No Containers/Boxes)
73,Garrik,Dunridge,gdunridge20@sun.com,(610) 7614004,(213) 5516891,433 Jackson Pass,Reading,Pennsylvania,19610,Lemke-Gleason,Software Consultant,4,2673,"Plastics, Foil & Coated Paper Bags"
74,Lorine,Lyddyard,llyddyard21@princeton.edu,(505) 7201434,(714) 5245303,08823 Pine View Road,Albuquerque,New Mexico,87110,"Shanahan, Auer and Schneider",Programmer Analyst I,4,2711,Newspapers: Publishing or Publishing & Printing
75,Briggs,Morhall,bmorhall22@amazon.co.uk,(215) 1846079,(504) 6135561,41097 Loeprich Circle,Philadelphia,Pennsylvania,19196,Abbott and Sons,Administrative Officer,4,2721,Periodicals: Publishing or Publishing & Printing
76,Jessey,Sherman,jsherman23@wunderground.com,(781) 8473646,(214) 9705562,0 Ilene Park,Watertown,Massachusetts,2472,Anderson-Hartmann,Analyst Programmer,4,2731,Books: Publishing or Publishing & Printing
77,Reeba,McIlvenny,rmcilvenny24@newsvine.com,(402) 6831679,(616) 5864103,00 Northport Park,Omaha,Nebraska,68164,White-O'Hara,Pharmacist,4,2732,Book Printing
78,Adrienne,Haylock,ahaylock25@shinystat.com,(757) 2524003,(772) 9441786,5 Birchwood Drive,Virginia Beach,Virginia,23471,Nader Inc,Food Chemist,4,2741,Miscellaneous Publishing
79,Adrianne,Spray,aspray26@adobe.com,(508) 7316690,(702) 6905194,94914 Arkansas Road,Boston,Massachusetts,2119,"Schmeler, Corwin and D'Amore",Structural Analysis Engineer,4,2750,Commercial Printing
80,Sherman,Champneys,schampneys27@fema.gov,(203) 9035020,(405) 3633377,94 Lyons Court,Waterbury,Connecticut,6726,Grant and Sons,Editor,4,2761,Manifold Business Forms
81,Andy,Slemming,aslemming28@squarespace.com,(501) 8138025,(504) 4209309,0193 Rusk Drive,Hot Springs National Park,Arkansas,71914,"Haley, Funk and Mante",Engineer III,4,2771,Greeting Cards
82,Pietrek,Caddie,pcaddie29@howstuffworks.com,(214) 7919534,(202) 6108837,03 Ridgeway Road,Dallas,Texas,75221,Crist-O'Kon,Senior Editor,4,2780,"Blankbooks, Looseleaf Binders & Bookbinding & Related Work"
83,Katherine,Nye,knye2a@sfgate.com,(217) 2740850,(585) 8417284,08590 Russell Point,Springfield,Illinois,62705,Cummerata Inc,Project Manager,4,2790,Service Industries For The Printing Trade
84,Stefa,Crewe,screwe2b@nymag.com,(267) 6142347,(712) 9391026,568 Norway Maple Pass,Levittown,Pennsylvania,19058,Hyatt LLC,Budget/Accounting Analyst III,4,2800,Chemicals & Allied Products
85,Marga,Crease,mcrease2c@columbia.edu,(801) 2269021,(319) 5260219,77 North Way,Salt Lake City,Utah,84145,"McClure, Stoltenberg and Feil",Data Coordiator,4,2810,Industrial Inorganic Chemicals
86,Leodora,Dutnall,ldutnall2d@nsw.gov.au,(805) 2168422,(402) 9102067,962 Helena Junction,Bakersfield,California,93311,Towne-Stroman,Database Administrator I,4,2820,"Plastic Material, Synth Resin/Rubber, Cellulos (No Glass)"
87,Antoine,Chatan,achatan2e@statcounter.com,(407) 5133235,(804) 2037952,5 Packers Junction,Orlando,Florida,32885,"Bashirian, Ondricka and Franecki",Clinical Specialist,4,2821,"Plastic Materials, Synth Resins & Nonvulcan Elastomers"
88,Dimitri,Erswell,derswell2f@ebay.co.uk,(612) 3238026,(303) 9342561,89891 Warbler Center,Saint Paul,Minnesota,55114,"Bernhard, Herman and Ernser",Chief Design Engineer,4,2833,Medicinal Chemicals & Botanical Products
89,Fredia,Schwandt,fschwandt2g@cnbc.com,(419) 1710999,(509) 8853297,6558 Hermina Street,Toledo,Ohio,43610,Brakus LLC,Geologist II,4,2834,Pharmaceutical Preparations
90,Tally,Flury,tflury2h@ustream.tv,(310) 4395669,(334) 5084438,694 Carioca Hill,Inglewood,California,90310,Murphy-Bahringer,Account Executive,4,2835,In Vitro & In Vivo Diagnostic Substances
91,Nobe,Cunniam,ncunniam2i@google.com.au,(703) 3728335,(404) 5930018,457 International Terrace,Alexandria,Virginia,22301,Reichel LLC,Statistician III,4,2836,"Biological Products, (No Diagnostic Substances)"
92,Della,Ralling,dralling2j@indiegogo.com,(501) 6314624,(314) 8136178,71 Oneill Plaza,North Little Rock,Arkansas,72199,"Crooks, Runte and Hackett",Senior Developer,4,2840,"Soap, Detergents, Cleaning Preparations, Perfumes, Cosmetics"
93,Ilario,Vacher,ivacher2k@lulu.com,(480) 8177959,(312) 9525717,09177 Russell Court,Phoenix,Arizona,85040,Beahan-Funk,Mechanical Systems Engineer,4,2842,"Specialty Cleaning, Polishing and Sanitation Preparations"
94,Dunc,Huikerby,dhuikerby2l@cisco.com,(303) 3437696,(719) 1687777,8 Stone Corner Trail,Denver,Colorado,80255,"Schroeder, Dicki and Cummerata",Sales Representative,4,2844,"Perfumes, Cosmetics & Other Toilet Preparations"
95,Sybil,Villiers,svilliers2m@wikipedia.org,(423) 6448270,(937) 8641228,63816 Fulton Park,Chattanooga,Tennessee,37416,Kozey Group,Executive Secretary,4,2851,"Paints, Varnishes, Lacquers, Enamels & Allied Prods"
96,Rosamund,Luetkemeyers,rluetkemeyers2n@cbslocal.com,(754) 5072002,(508) 6432294,9 Clove Road,Pompano Beach,Florida,33069,"Wintheiser, Nienow and Kunde",Marketing Manager,4,2860,Industrial Organic Chemicals
97,Krystle,Rings,krings2o@aol.com,(505) 8035849,(832) 7726397,7 Del Mar Center,Santa Fe,New Mexico,87592,"Simonis, Bechtelar and Little",Occupational Therapist,4,2870,Agricultural Chemicals
98,Lia,Thurner,lthurner2p@barnesandnoble.com,(325) 9668114,(217) 6195716,980 Sycamore Park,Abilene,Texas,79605,McKenzie-Kub,Information Systems Manager,4,2890,Miscellaneous Chemical Products
99,Jessalyn,Skym,jskym2q@shareasale.com,(253) 6271464,(941) 4083855,8747 Basil Circle,Tacoma,Washington,98447,"Littel, Goyette and Johns",Structural Analysis Engineer,4,2891,Adhesives & Sealants
100,Vito,Jerke,vjerke2r@sbwire.com,(956) 8136954,(864) 6731655,6 International Pass,Laredo,Texas,78044,Halvorson-O'Conner,Recruiter,4,2911,Petroleum Refining
101,Toby,Crockford,tcrockford2s@prnewswire.com,(504) 7588213,(413) 4796971,624 Almo Place,New Orleans,Louisiana,70187,Lueilwitz-Fadel,Account Coordinator,4,2950,Asphalt Paving & Roofing Materials
102,Lissie,Cottier,lcottier2t@youku.com,(508) 3907329,(952) 2119354,5817 Pawling Road,New Bedford,Massachusetts,2745,Homenick-Powlowski,Research Nurse,4,2990,Miscellaneous Products of Petroleum & Coal
103,Riane,Landa,rlanda2u@miibeian.gov.cn,(212) 3454804,(816) 6847603,11572 Ridgeway Pass,New York City,New York,10115,Bruen-Lynch,Geologist II,4,3011,Tires & Inner Tubes
104,Simeon,Cayle,scayle2v@e-recht24.de,(253) 3046614,(202) 7376967,90568 Bluejay Hill,Seattle,Washington,98148,"Gutkowski, Will and Haag",Biostatistician I,4,3021,Rubber & Plastics Footwear
105,Miran,Stilling,mstilling2w@cafepress.com,(513) 5710469,(704) 2594683,6244 Ohio Way,Cincinnati,Ohio,45238,"Tremblay, Considine and Gibson",Environmental Tech,4,3050,"Gaskets, Packg & Sealg Devices & Rubber & Plastics Hose"
106,Caitlin,Pichmann,cpichmann2x@scribd.com,(602) 7580360,(914) 1341360,05 Valley Edge Terrace,Phoenix,Arizona,85099,Lindgren-Gulgowski,Software Engineer III,4,3060,"Fabricated Rubber Products, NEC"
107,Brooke,Reading,breading2y@statcounter.com,(585) 4302526,(415) 5502180,056 Tennessee Place,Rochester,New York,14614,Fisher LLC,Research Associate,4,3080,Miscellaneous Plastics Products
108,Celina,Hegdonne,chegdonne2z@whitehouse.gov,(806) 7803951,(316) 4868657,9560 Arkansas Place,Amarillo,Texas,79118,Sipes-Jast,Human Resources Manager,4,3081,Unsupported Plastics Film & Sheet
109,Wileen,Mitton,wmitton30@quantcast.com,(323) 7560082,(920) 4555427,6994 Express Circle,Los Angeles,California,90060,Davis Group,Sales Representative,4,3086,Plastics Foam Products
110,Aluin,Tiffney,atiffney31@sbwire.com,(401) 1706764,(312) 2054152,257 Dahle Street,Providence,Rhode Island,2912,Zieme-Ward,Recruiter,4,3089,"Plastics Products, NEC"
111,Raviv,Trott,rtrott32@booking.com,(806) 6526891,(702) 8457330,894 Valley Edge Street,Lubbock,Texas,79452,Collins-Luettgen,Financial Advisor,4,3100,Leather & Leather Products
112,Devy,Duffer,dduffer33@purevolume.com,(603) 9235918,(205) 4315202,48022 Corry Point,Manchester,New Hampshire,3105,"Braun, Doyle and Jakubowski",Payment Adjustment Coordinator,4,3140,"Footwear, (No Rubber)"
113,Fey,Domerq,fdomerq34@deviantart.com,(508) 8875449,(702) 2311673,510 Mesta Plaza,Worcester,Massachusetts,1610,"Klocko, Watsica and Goodwin",Account Representative IV,4,3211,Flat Glass
114,Burt,Calrow,bcalrow35@a8.net,(971) 7658802,(989) 9004879,605 Kim Hill,Portland,Oregon,97232,Padberg-Howe,Developer IV,4,3220,"Glass & Glassware, Pressed or Blown"
115,Merilee,Parman,mparman36@vkontakte.ru,(615) 7807006,(469) 1587435,7 Lawn Pass,Murfreesboro,Tennessee,37131,"Jacobs, Borer and Kshlerin",Clinical Specialist,4,3221,Glass Containers
116,Felipe,Keld,fkeld37@nhs.uk,(718) 5820294,(419) 2961311,3205 Nevada Road,Jamaica,New York,11470,Beier-Wintheiser,Electrical Engineer,4,3231,"Glass Products, Made of Purchased Glass"
117,Nikolia,Tantum,ntantum38@illinois.edu,(915) 6902953,(973) 8569201,30 Bashford Trail,El Paso,Texas,79955,"Will, Donnelly and Rodriguez",Staff Scientist,4,3241,"Cement, Hydraulic"
118,Luci,Vahl,lvahl39@sina.com.cn,(775) 8186273,(317) 6437689,00 Pankratz Plaza,Reno,Nevada,89505,"Littel, White and Hyatt",Project Manager,4,3250,Structural Clay Products
119,Abelard,Ivakhin,aivakhin3a@hubpages.com,(215) 2695252,(318) 9403933,32 Vahlen Avenue,Philadelphia,Pennsylvania,19120,Bashirian Group,Mechanical Systems Engineer,4,3260,Pottery & Related Products
120,Eveleen,Treslove,etreslove3b@wikipedia.org,(509) 7842712,(919) 5958125,27 Bartelt Road,Spokane,Washington,99215,Pacocha-Collier,Structural Analysis Engineer,4,3270,"Concrete, Gypsum & Plaster Products"
121,Glenn,Barczewski,gbarczewski3c@ucoz.com,(213) 6487063,(425) 8673952,4 Nevada Plaza,Los Angeles,California,90065,Swaniawski LLC,Administrative Assistant II,4,3272,"Concrete Products, Except Block & Brick"
122,Erica,Grishagin,egrishagin3d@comcast.net,(915) 9078342,(312) 6152919,07 Thompson Alley,El Paso,Texas,88558,Rodriguez-Auer,Assistant Professor,4,3281,Cut Stone & Stone Products
123,Randi,Rydeard,rrydeard3e@forbes.com,(903) 8478131,(585) 8122180,810 Hoepker Plaza,Tyler,Texas,75710,"Hauck, Lang and Adams",Assistant Professor,4,3290,"Abrasive, Asbestos & Misc Nonmetallic Mineral Prods"
124,Tish,Ackery,tackery3f@boston.com,(505) 8187933,(713) 7834798,8 School Alley,Albuquerque,New Mexico,87195,"Schaefer, Kuvalis and Daniel",Cost Accountant,4,3310,"Steel Works, Blast Furnaces & Rolling & Finishing Mills"
125,Scarlet,Lowell,slowell3g@accuweather.com,(412) 3465113,(734) 5095033,19636 Prentice Place,Pittsburgh,Pennsylvania,15261,Reichel-Ernser,Nurse,4,3312,"Steel Works, Blast Furnaces & Rolling Mills (Coke Ovens)"
126,Marys,Ditzel,mditzel3h@oaic.gov.au,(626) 4038975,(206) 8376242,72 Independence Hill,Pasadena,California,91199,Stracke-Haag,VP Product Management,4,3317,Steel Pipe & Tubes
127,Lewie,Bartosiak,lbartosiak3i@w3.org,(972) 1930691,(602) 2893936,30153 Forest Dale Circle,Dallas,Texas,75226,Zulauf-Bartell,Software Test Engineer III,4,3320,Iron & Steel Foundries
128,Deborah,Blaiklock,dblaiklock3j@webnode.com,(860) 2679735,(702) 1062983,902 Golf Road,Hartford,Connecticut,6145,Will Inc,Accounting Assistant I,4,3330,Primary Smelting & Refining of Nonferrous Metals
129,Hall,Wiburn,hwiburn3k@epa.gov,(830) 7109739,(682) 2898469,06 Doe Crossing Parkway,San Antonio,Texas,78245,Upton-McLaughlin,Research Associate,4,3334,Primary Production of Aluminum
130,Dix,Ruzicka,druzicka3l@ustream.tv,(517) 3433235,(509) 7101365,3849 Farmco Park,Lansing,Michigan,48956,Schimmel-Windler,Assistant Media Planner,4,3341,Secondary Smelting & Refining of Nonferrous Metals
131,Kristen,Terzi,kterzi3m@seattletimes.com,(478) 6809407,(901) 3239204,80 Carioca Court,Macon,Georgia,31210,"Dare, Schowalter and Lubowitz",Social Worker,4,3350,Rolling Drawing & Extruding of Nonferrous Metals
132,Tallie,Barthod,tbarthod3n@imgur.com,(318) 9739296,(720) 8681140,2626 Briar Crest Circle,Shreveport,Louisiana,71161,"Ebert, Goyette and Gaylord",Nurse,4,3357,Drawing & Insulating of Nonferrous Wire
133,Parke,Kohrt,pkohrt3o@sogou.com,(504) 4281880,(202) 4344057,359 Mcbride Road,New Orleans,Louisiana,70116,Fahey-Friesen,Graphic Designer,4,3360,Nonferrous Foundries (Castings)
134,Garv,Caltun,gcaltun3p@naver.com,(210) 8083612,(304) 5660697,3 Erie Pass,San Antonio,Texas,78235,Lehner-Schulist,Safety Technician III,4,3390,Miscellaneous Primary Metal Products
135,Ellerey,Mish,emish3q@imageshack.us,(202) 5373439,(661) 8136023,0 Weeping Birch Plaza,Washington,District of Columbia,20231,Dickinson-Simonis,Design Engineer,4,3411,Metal Cans
136,Marty,Christoffels,mchristoffels3r@goo.ne.jp,(608) 9903778,(661) 7828146,65089 Corben Circle,Madison,Wisconsin,53790,Rutherford LLC,Physical Therapy Assistant,4,3412,"Metal Shipping Barrels, Drums, Kegs & Pails"
137,Cynde,Pancoast,cpancoast3s@youtu.be,(520) 8868885,(423) 2271469,3227 Debs Hill,Tucson,Arizona,85748,"Luettgen, Hane and Goldner",Systems Administrator I,4,3420,"Cutlery, Handtools & General Hardware"
138,Sybyl,Mcall,smcall3t@netlog.com,(864) 6716159,(281) 8025018,1394 Hagan Parkway,Greenville,South Carolina,29605,Frami-Reinger,Software Test Engineer II,4,3430,"Heating Equip, Except Elec & Warm Air; & Plumbing Fixtures"
139,Ellery,Keppy,ekeppy3u@slideshare.net,(317) 5046076,(423) 5994342,46 Hazelcrest Junction,Indianapolis,Indiana,46226,Simonis Inc,Structural Engineer,4,3433,"Heating Equipment, Except Electric & Warm Air Furnaces"
140,Helyn,Loram,hloram3v@huffingtonpost.com,(718) 5897598,(843) 3015787,6 Lerdahl Point,Bronx,New York,10474,Collins-Parisian,Payment Adjustment Coordinator,4,3440,Fabricated Structural Metal Products
141,Ricca,Eakley,reakley3w@nps.gov,(314) 4331326,(903) 8897404,88 Stone Corner Place,Saint Louis,Missouri,63150,Schaefer LLC,Statistician III,4,3442,"Metal Doors, Sash, Frames, Moldings & Trim"
142,Carleen,Caldairou,ccaldairou3x@wikipedia.org,(234) 5956027,(323) 9918716,26 Forest Dale Point,Akron,Ohio,44393,Leannon Group,Research Nurse,4,3443,Fabricated Plate Work (Boiler Shops)
143,Garrek,Walsh,gwalsh3y@who.int,(718) 2026406,(623) 4587034,7 Cardinal Plaza,New York City,New York,10009,Bednar Inc,Office Assistant II,4,3444,Sheet Metal Work
144,Camel,MacVicar,cmacvicar3z@ibm.com,(757) 7585350,(570) 3057050,81 Russell Park,Norfolk,Virginia,23514,Prohaska-Willms,Accounting Assistant I,4,3448,Prefabricated Metal Buildings & Components
145,Fan,Height,fheight40@newyorker.com,(412) 9008853,(318) 9314453,05070 Loomis Junction,Mc Keesport,Pennsylvania,15134,"Cruickshank, Flatley and Wiegand",Mechanical Systems Engineer,4,3451,Screw Machine Products
146,Savina,Manssuer,smanssuer41@thetimes.co.uk,(617) 2528370,(202) 4685469,94571 Ramsey Circle,Newton,Massachusetts,2458,Boehm-Cormier,Director of Sales,4,3452,"Bolts, Nuts, Screws, Rivets & Washers"
147,Carce,Larter,clarter42@livejournal.com,(469) 8877514,(916) 8473533,0953 Stoughton Avenue,Dallas,Texas,75241,Cartwright Group,Database Administrator II,4,3460,Metal Forgings & Stampings
148,Odessa,Brech,obrech43@ebay.com,(520) 5919368,(740) 9498065,79 Pawling Lane,Tucson,Arizona,85754,Herzog-Toy,Senior Financial Analyst,4,3470,"Coating, Engraving & Allied Services"
149,Theresina,Speariett,tspeariett44@photobucket.com,(318) 3239171,(540) 2780834,38557 Loomis Park,Alexandria,Louisiana,71307,"Botsford, Hoeger and Balistreri",Recruiter,4,3480,"Ordnance & Accessories, (No Vehicles/Guided Missiles)"
150,Adelind,Thalmann,athalmann45@fda.gov,(407) 9083761,(402) 8836591,47576 Summer Ridge Plaza,Orlando,Florida,32808,Wiza LLC,Marketing Assistant,4,3490,Miscellaneous Fabricated Metal Products
151,Aleda,Veldens,aveldens46@nasa.gov,(808) 2133459,(336) 9950339,8266 Granby Way,Honolulu,Hawaii,96810,Heller-Fay,Executive Secretary,4,3510,Engines & Turbines
152,Daniela,Fitter,dfitter47@desdev.cn,(847) 2902927,(561) 3674566,941 Prentice Terrace,Evanston,Illinois,60208,"Pacocha, Emmerich and Braun",Quality Control Specialist,4,3523,Farm Machinery & Equipment
153,Pandora,Retallick,pretallick48@icio.us,(518) 3552619,(517) 9998476,2 School Drive,Albany,New York,12227,Gislason Group,Sales Associate,4,3524,Lawn & Garden Tractors & Home Lawn & Gardens Equip
154,Ingmar,Sarson,isarson49@xrea.com,(717) 7946005,(520) 5882950,50 Nelson Terrace,Harrisburg,Pennsylvania,17110,Zboncak LLC,Associate Professor,4,3530,"Construction, Mining & Materials Handling Machinery & Equip"
155,Lexie,Marusyak,lmarusyak4a@weebly.com,(812) 1753285,(816) 7682258,545 Mitchell Pass,Evansville,Indiana,47725,Balistreri Group,Budget/Accounting Analyst I,4,3531,Construction Machinery & Equip
156,Sapphire,Berrane,sberrane4b@addtoany.com,(704) 7749003,(561) 9711222,77288 Hooker Junction,Charlotte,North Carolina,28215,Aufderhar-Ullrich,Biostatistician III,4,3532,Mining Machinery & Equip (No Oil & Gas Field Mach & Equip)
157,Jerri,Broseman,jbroseman4c@amazon.co.jp,(712) 5120463,(352) 2528394,63481 Raven Hill,Sioux City,Iowa,51105,"Collins, Reichel and Stokes",Junior Executive,4,3533,Oil & Gas Field Machinery & Equipment
158,Carma,Joanaud,cjoanaud4d@ox.ac.uk,(860) 3062795,(210) 1803180,17 Hoffman Park,Hartford,Connecticut,6152,Kunde-Hackett,VP Sales,4,3537,"Industrial Trucks, Tractors, Trailers & Stackers"
159,Shanan,Degg,sdegg4e@clickbank.net,(817) 4085594,(813) 7655846,451 Corscot Trail,Fort Worth,Texas,76115,Bartell Inc,Registered Nurse,4,3540,Metalworkg Machinery & Equipment
160,Jobyna,Emmanuele,jemmanuele4f@wordpress.org,(415) 7082160,(336) 6299164,3142 Melody Circle,San Francisco,California,94142,Pagac LLC,Developer III,4,3541,"Machine Tools, Metal Cutting Types"
161,Brooks,Dossit,bdossit4g@huffingtonpost.com,(718) 3876590,(513) 2832539,017 Longview Drive,Jamaica,New York,11470,"Parisian, Koch and Fisher",Data Coordiator,4,3550,Special Industry Machinery (No Metalworking Machinery)
162,Melinda,Cathro,mcathro4h@de.vu,(585) 5702295,(850) 2623244,44 Gerald Drive,Rochester,New York,14624,"Mohr, Koss and DuBuque",Data Coordiator,4,3555,Printing Trades Machinery & Equipment
163,Noble,Cardillo,ncardillo4i@comsenz.com,(973) 7285864,(682) 7216376,478 Granby Hill,Newark,New Jersey,7104,Marvin LLC,Account Coordinator,4,3559,"Special Industry Machinery, NEC"
164,Filberte,Orae,forae4j@berkeley.edu,(801) 8619904,(540) 1479811,5 Vahlen Court,Salt Lake City,Utah,84170,"Trantow, Stokes and Schamberger",Junior Executive,4,3560,General Industrial Machinery & Equipment
165,Ginelle,McCuish,gmccuish4k@businessinsider.com,(786) 8430240,(212) 8171719,8 Barby Pass,Miami,Florida,33233,"Padberg, Bailey and Hoeger",Chemical Engineer,4,3561,Pumps & Pumping Equipment
166,Byram,Trett,btrett4l@illinois.edu,(757) 5377869,(617) 7182984,17008 2nd Crossing,Norfolk,Virginia,23504,"Renner, Renner and Rodriguez",Computer Systems Analyst I,4,3562,Ball & Roller Bearings
167,Noby,Ibert,nibert4m@hhs.gov,(202) 8991957,(225) 6753426,75 Sachtjen Center,Washington,District of Columbia,20525,Schumm-Littel,Data Coordiator,4,3564,Industrial & Commercial Fans & Blowers & Air Purifying Equip
168,Hieronymus,Skipper,hskipper4n@google.com.hk,(646) 2930076,(405) 9990421,531 Porter Center,New York City,New York,10009,Kirlin-Runte,Nuclear Power Engineer,4,3567,Industrial Process Furnaces & Ovens
169,Justinn,Kemwall,jkemwall4o@pbs.org,(414) 2587322,(513) 7498639,69203 Fallview Plaza,Milwaukee,Wisconsin,53215,"Adams, Dooley and Goyette",Assistant Media Planner,4,3569,"General Industrial Machinery & Equipment, NEC"
170,Cash,Gloves,cgloves4p@dell.com,(706) 8406310,(412) 4721942,96999 Hanson Court,Columbus,Georgia,31904,Mann-Leuschke,Help Desk Operator,4,3570,Computer & office Equipment
171,Hamlen,Featherbie,hfeatherbie4q@gizmodo.com,(562) 8718257,(303) 1225212,4 Autumn Leaf Lane,Long Beach,California,90831,"Greenfelder, Skiles and Hessel",Data Coordiator,4,3571,Electronic Computers
172,Branden,Vise,bvise4r@baidu.com,(863) 8001345,(863) 1898106,2 Continental Point,Lakeland,Florida,33805,Weissnat Group,Executive Secretary,4,3572,Computer Storage Devices
173,Randal,Gaize,rgaize4s@jiathis.com,(352) 4079542,(727) 9583831,1503 Express Point,Gainesville,Florida,32605,Rempel Group,VP Marketing,4,3575,Computer Terminals
174,Danna,Kildahl,dkildahl4t@irs.gov,(904) 5458509,(806) 4352993,82 Oakridge Pass,Jacksonville,Florida,32225,Hermann Group,Web Developer IV,4,3576,Computer Communications Equipment
175,Dewie,Munby,dmunby4u@tripod.com,(313) 3411313,(757) 3518400,2 Express Trail,Detroit,Michigan,48267,Hamill-Abshire,Professor,4,3577,"Computer Peripheral Equipment, NEC"
176,Felicia,Peckett,fpeckett4v@oaic.gov.au,(347) 3065826,(918) 1619689,70 Claremont Crossing,New York City,New York,10019,"Predovic, Windler and Murphy",Accountant III,4,3578,Calculating & Accounting Machines (No Electronic Computers)
177,Menard,Skeemer,mskeemer4w@youtube.com,(817) 4821038,(202) 4092908,310 Shoshone Avenue,Fort Worth,Texas,76105,Harvey Group,Staff Scientist,4,3579,"Office Machines, NEC"
178,Tootsie,Ollet,tollet4x@xrea.com,(570) 1365958,(212) 6862434,6 Pond Road,Wilkes Barre,Pennsylvania,18763,"Kunde, Lakin and Dibbert",Database Administrator III,4,3580,Refrigeration & Service Industry Machinery
179,Pierre,Woodall,pwoodall4y@icio.us,(502) 5442836,(505) 4456637,6619 Fieldstone Place,Frankfort,Kentucky,40618,"Pfeffer, Rempel and Greenfelder",Technical Writer,4,3585,Air-Cond & Warm Air Heatg Equip & Comm & Indl Refrig Equip
180,Georgine,Fowley,gfowley4z@microsoft.com,(410) 9112975,(915) 4952926,6 Lake View Lane,Baltimore,Maryland,21275,Berge and Sons,General Manager,4,3590,Misc Industrial & Commercial Machinery & Equipment
181,Humfrey,McMurthy,hmcmurthy50@spiegel.de,(303) 3338294,(214) 9617813,5992 Lindbergh Court,Denver,Colorado,80270,Turner LLC,Dental Hygienist,4,3600,Electronic & Other Electrical Equipment (No Computer Equip)
182,Pennie,Moran,pmoran51@dot.gov,(402) 8222094,(786) 5798404,7531 Grasskamp Hill,Omaha,Nebraska,68197,Hammes-Flatley,Analyst Programmer,4,3612,"Power, Distribution & Specialty Transformers"
183,Morgana,Colomb,mcolomb52@businessinsider.com,(330) 9569874,(253) 6069400,6444 Upham Pass,Canton,Ohio,44710,"Schamberger, Rogahn and Jenkins",Pharmacist,4,3613,Switchgear & Switchboard Apparatus
184,Ramon,Yukhnov,ryukhnov53@google.com.hk,(205) 5171137,(216) 3011030,8390 Grayhawk Place,Birmingham,Alabama,35210,"Pollich, O'Kon and Schumm",Teacher,4,3620,Electrical Industrial Apparatus
185,Levon,Stoddart,lstoddart54@eventbrite.com,(502) 7740931,(321) 2555923,3 Shasta Pass,Louisville,Kentucky,40250,"Flatley, Collier and Wolff",Analyst Programmer,4,3621,Motors & Generators
186,Margarethe,Sawter,msawter55@google.co.uk,(432) 2032097,(215) 7889948,4148 Fremont Road,Midland,Texas,79710,Rutherford LLC,Marketing Assistant,4,3630,Household Appliances
187,Darelle,Klezmski,dklezmski56@yandex.ru,(336) 8739872,(217) 4646571,11 Brown Alley,Winston Salem,North Carolina,27116,Miller Inc,Geological Engineer,4,3634,Electric Housewares & Fans
188,Verna,Deller,vdeller57@icio.us,(760) 3061489,(918) 6862845,246 Scott Avenue,San Diego,California,92121,Collier-Reichert,Mechanical Systems Engineer,4,3640,Electric Lighting & Wiring Equipment
189,Guendolen,Akrigg,gakrigg58@wisc.edu,(815) 9374334,(720) 5471680,9 Warrior Crossing,Joliet,Illinois,60435,"Brekke, Murray and Konopelski",Legal Assistant,4,3651,Household Audio & Video Equipment
190,Eolanda,Niblo,eniblo59@amazon.co.uk,(325) 7018855,(212) 6154757,5915 Arizona Circle,Abilene,Texas,79605,"Sawayn, Hudson and Kertzmann",VP Product Management,4,3652,Phonograph Records & Prerecorded Audio Tapes & Disks
191,Gerik,Beathem,gbeathem5a@hostgator.com,(541) 1882962,(419) 6239280,7 Lunder Trail,Eugene,Oregon,97405,Hand-Von,Accounting Assistant III,4,3661,Telephone & Telegraph Apparatus
192,Ariana,Hanmore,ahanmore5b@nifty.com,(716) 7079341,(617) 3930173,7 Graedel Junction,Buffalo,New York,14276,"Maggio, Legros and Windler",Clinical Specialist,4,3663,Radio & TV Broadcasting & Communications Equipment
193,Erin,Dopson,edopson5c@nytimes.com,(941) 6913996,(757) 4720600,776 Golf Street,Bradenton,Florida,34282,Kerluke-Jacobi,Health Coach IV,4,3669,"Communications Equipment, NEC"
194,Merlina,Bannon,mbannon5d@instagram.com,(719) 1699375,(954) 1001335,706 Magdeline Park,Colorado Springs,Colorado,80925,Mosciski Group,Assistant Media Planner,4,3670,Electronic Components & Accessories
195,Preston,Caslake,pcaslake5e@zimbio.com,(806) 9806765,(215) 7139709,4 Center Road,Amarillo,Texas,79165,"McKenzie, Gibson and Gleichner",Safety Technician III,4,3672,Printed Circuit Boards
196,Tilda,Shew,tshew5f@liveinternet.ru,(801) 6309464,(770) 6321866,28 Pond Junction,Salt Lake City,Utah,84110,"Keeling, Jenkins and Beer",Electrical Engineer,4,3674,Semiconductors & Related Devices
197,Dianne,Beer,dbeer5g@wufoo.com,(605) 1410129,(530) 4881177,51553 Sugar Drive,Sioux Falls,South Dakota,57193,"Kris, Balistreri and Von",Analog Circuit Design manager,4,3677,"Electronic Coils, Transformers & Other Inductors"
198,Gabby,Ashbolt,gashbolt5h@mashable.com,(317) 4829856,(951) 4430788,771 Katie Road,Indianapolis,Indiana,46266,Bins-Ruecker,Occupational Therapist,4,3678,Electronic Connectors
199,Paton,Simmers,psimmers5i@wikispaces.com,(954) 2052123,(785) 7752429,617 8th Way,Fort Lauderdale,Florida,33325,Gusikowski and Sons,Structural Engineer,4,3679,"Electronic Components, NEC"
200,Vale,Edinburgh,vedinburgh5j@unesco.org,(309) 2867767,(612) 2945193,80820 Trailsway Street,Peoria,Illinois,61640,Zieme LLC,Statistician III,4,3690,"Miscellaneous Electrical Machinery, Equipment & Supplies"
201,Chrissie,Jakubowsky,cjakubowsky5k@cocolog-nifty.com,(602) 1339952,(202) 4735604,00169 New Castle Lane,Phoenix,Arizona,85099,Dach-Leuschke,Marketing Manager,4,3695,Magnetic & Optical Recording Media
202,Melony,Town,mtown5l@tumblr.com,(434) 6060289,(212) 9786111,9242 Hudson Parkway,Charlottesville,Virginia,22903,Mosciski Group,Geologist I,4,3711,Motor Vehicles & Passenger Car Bodies
203,Emili,Dongles,edongles5m@jigsy.com,(601) 5563554,(202) 7852121,0644 1st Hill,Meridian,Mississippi,39305,Windler Group,Quality Control Specialist,4,3713,Truck & Bus Bodies
204,Dar,Hallbird,dhallbird5n@wix.com,(602) 5321564,(432) 2788140,5 Melrose Circle,Mesa,Arizona,85215,"Funk, O'Reilly and Baumbach",Data Coordiator,4,3714,Motor Vehicle Parts & Accessories
205,Gayle,Breckon,gbreckon5o@alexa.com,(614) 4035660,(512) 4480832,94 Scott Center,Columbus,Ohio,43220,"Schinner, Kub and Fritsch",Product Engineer,4,3715,Truck Trailers
206,Eustacia,Whalebelly,ewhalebelly5p@cdbaby.com,(804) 1824910,(603) 4829847,96217 Algoma Terrace,Richmond,Virginia,23220,"Windler, Howell and Schmidt",Biostatistician III,4,3716,Motor Homes
207,Evan,Dunseith,edunseith5q@gmpg.org,(626) 2742195,(727) 5531100,8 Cody Hill,Pasadena,California,91131,Pfannerstill and Sons,Engineer II,4,3720,Aircraft & Parts
208,Susann,Flory,sflory5r@wired.com,(971) 4909631,(650) 5992323,32442 Di Loreto Parkway,Portland,Oregon,97255,Gislason Inc,Product Engineer,4,3721,Aircraft
209,Susan,Waddams,swaddams5s@alibaba.com,(602) 5012127,(253) 9403024,83 Jackson Alley,Glendale,Arizona,85311,Mertz-Schowalter,Structural Engineer,4,3724,Aircraft Engines & Engine Parts
210,Bibbye,Storrs,bstorrs5t@blogspot.com,(786) 8801624,(760) 6920905,64351 Bayside Plaza,Miami,Florida,33142,"Bauch, Rippin and Stroman",Chemical Engineer,4,3728,"Aircraft Parts & Auxiliary Equipment, NEC"
211,Boy,Rosoman,brosoman5u@yelp.com,(812) 6494639,(212) 2134515,2140 Pennsylvania Junction,Terre Haute,Indiana,47812,"Fisher, Haley and Konopelski",Safety Technician III,4,3730,Ship & Boat Building & Repairing
212,Kingsley,Jell,kjell5v@cocolog-nifty.com,(415) 9149034,(561) 6737087,09684 Arkansas Crossing,San Francisco,California,94110,Hackett-Zieme,Chemical Engineer,4,3743,Railroad Equipment
213,Thalia,Yurkiewicz,tyurkiewicz5w@ovh.net,(806) 3724274,(504) 1075573,28 Merchant Hill,Lubbock,Texas,79415,Bruen and Sons,Teacher,4,3751,"Motorcycles, Bicycles & Parts"
214,Nicolai,Ellcome,nellcome5x@sourceforge.net,(703) 5369387,(513) 2040463,9118 Ohio Lane,Washington,District of Columbia,20041,Blick LLC,VP Marketing,4,3760,Guided Missiles & Space Vehicles & Parts
215,Dewain,Brunsen,dbrunsen5y@gizmodo.com,(402) 1301718,(907) 4769680,2 Bluestem Circle,Omaha,Nebraska,68110,"Hauck, D'Amore and Feest",Account Coordinator,4,3790,Miscellaneous Transportation Equipment
216,Whitman,MacNeil,wmacneil5z@1688.com,(916) 6277942,(561) 1509208,13 Carey Way,Sacramento,California,94263,"Senger, Quigley and Jacobson",Analyst Programmer,4,3812,"Search, Detection, Navigation, Guidance, Aeronautical Sys"
217,Gabie,Delort,gdelort60@blogs.com,(319) 4405523,(484) 8215992,70429 Hanover Circle,Cedar Rapids,Iowa,52410,Purdy Inc,Director of Sales,4,3821,Laboratory Apparatus & Furniture
218,Eustacia,Putnam,eputnam61@hostgator.com,(954) 2546864,(773) 7536620,338 Elmside Junction,Boca Raton,Florida,33432,Balistreri and Sons,Automation Specialist II,4,3822,Auto Controls For Regulating Residential & Comml Environments
219,Amelie,Toffolini,atoffolini62@cocolog-nifty.com,(646) 4278373,(850) 7906421,2131 Victoria Pass,New York City,New York,10170,"Wisozk, Mills and Dicki",VP Sales,4,3823,"Industrial Instruments For Measurement, Display, and Control"
220,Sansone,Philps,sphilps63@slashdot.org,(231) 6675004,(860) 2763929,13842 Goodland Street,Muskegon,Michigan,49444,Christiansen-Wilkinson,Teacher,4,3824,Totalizing Fluid Meters & Counting Devices
221,Thaine,Leupold,tleupold64@reverbnation.com,(805) 7255736,(727) 5121878,1410 Rigney Hill,Oxnard,California,93034,Graham and Sons,Assistant Media Planner,4,3825,Instruments For Meas & Testing of Electricity & Elec Signals
222,Christos,Lindgren,clindgren65@issuu.com,(304) 6535176,(408) 8093255,62 Homewood Place,Charleston,West Virginia,25305,Dare Inc,Pharmacist,4,3826,Laboratory Analytical Instruments
223,Wenona,Gerok,wgerok66@marketwatch.com,(484) 9058106,(480) 8567205,9053 Cardinal Crossing,Valley Forge,Pennsylvania,19495,Torphy Group,Chief Design Engineer,4,3827,Optical Instruments & Lenses
224,Sydel,Kilduff,skilduff67@comcast.net,(202) 2786222,(702) 1238316,6049 Dorton Plaza,Washington,District of Columbia,20210,"Cummings, Wolf and Volkman",Help Desk Technician,4,3829,"Measuring & Controlling Devices, NEC"
225,Sylvia,Leacock,sleacock68@photobucket.com,(616) 4955889,(818) 6228963,1871 Merry Pass,Grand Rapids,Michigan,49518,Hammes Inc,VP Sales,4,3841,Surgical & Medical Instruments & Apparatus
226,Angelita,Crisall,acrisall69@ask.com,(423) 5966576,(916) 8227261,44378 Sommers Trail,Chattanooga,Tennessee,37410,"Dare, Cassin and Schimmel",VP Quality Control,4,3842,"Orthopedic, Prosthetic & Surgical Appliances & Supplies"
227,Court,Weinham,cweinham6a@about.com,(941) 5696634,(405) 4723779,509 Dixon Crossing,Sarasota,Florida,34238,"McDermott, Leuschke and Roob",Operator,4,3843,Dental Equipment & Supplies
228,Onfroi,Daunay,odaunay6b@t-online.de,(847) 4523704,(203) 1276169,7 Sommers Alley,Evanston,Illinois,60208,Hane and Sons,Design Engineer,4,3844,X-Ray Apparatus & Tubes & Related Irradiation Apparatus
229,Lily,Edmeades,ledmeades6c@rambler.ru,(918) 9668486,(801) 8363703,1269 Emmet Hill,Tulsa,Oklahoma,74141,Lehner Group,Senior Developer,4,3845,Electromedical & Electrotherapeutic Apparatus
230,Jarrad,Duval,jduval6d@wikipedia.org,(917) 2549694,(716) 2494489,56 Norway Maple Place,New York City,New York,10024,Bernhard-Christiansen,Registered Nurse,4,3851,Ophthalmic Goods
231,Diane,Morten,dmorten6e@washington.edu,(570) 2809432,(309) 7165787,0639 Moulton Junction,Scranton,Pennsylvania,18514,"Koelpin, Halvorson and Cormier",Director of Sales,4,3861,Photographic Equipment & Supplies
232,Tammie,Marczyk,tmarczyk6f@wp.com,(281) 6913397,(717) 1133946,3515 Clyde Gallagher Park,Houston,Texas,77085,Rogahn-Hane,GIS Technical Architect,4,3873,"Watches, Clocks, Clockwork Operated Devices/Parts"
233,Oneida,Ruecastle,oruecastle6g@abc.net.au,(860) 8123647,(915) 5829545,41 Warbler Place,Hartford,Connecticut,6152,Muller LLC,Web Developer III,4,3910,"Jewelry, Silverware & Plated Ware"
234,Farley,Palfery,fpalfery6h@de.vu,(913) 9828677,(916) 4896430,17912 Dottie Alley,Kansas City,Kansas,66160,Bailey Group,Administrative Officer,4,3911,"Jewelry, Precious Metal"
235,Emlynn,Ferreri,eferreri6i@mozilla.org,(317) 5562949,(571) 9906893,98333 Melrose Pass,Indianapolis,Indiana,46216,Denesik-Kutch,Graphic Designer,4,3931,Musical Instruments
236,Mina,Chaloner,mchaloner6j@4shared.com,(336) 3187612,(915) 6987817,53003 2nd Avenue,Greensboro,North Carolina,27409,Hilll Group,Research Assistant II,4,3942,Dolls & Stuffed Toys
237,Thedrick,Daborne,tdaborne6k@wsj.com,(267) 8556043,(218) 5165508,607 Debs Road,Philadelphia,Pennsylvania,19104,"Rau, Stokes and O'Keefe",Software Consultant,4,3944,"Games, Toys & Children's Vehicles (No Dolls & Bicycles)"
238,Lilllie,MacRitchie,lmacritchie6l@amazon.de,(714) 1421316,(570) 7761862,18 Jana Avenue,Irvine,California,92717,Grant-Fisher,Technical Writer,4,3949,"Sporting & Athletic Goods, NEC"
239,Alexandro,Bezzant,abezzant6m@bloglovin.com,(952) 9533685,(913) 2028383,410 Carey Center,Young America,Minnesota,55564,"Lowe, O'Conner and Lakin",VP Marketing,4,3950,"Pens, Pencils & Other Artists' Materials"
240,Munmro,Lewens,mlewens6n@alibaba.com,(504) 9512049,(916) 6728881,7 Pine View Avenue,New Orleans,Louisiana,70174,"Bogan, Fisher and Monahan",Physical Therapy Assistant,4,3960,Costume Jewelry & Novelties
241,Walliw,Hatliffe,whatliffe6o@washingtonpost.com,(315) 4625596,(770) 8464076,59831 Acker Point,Utica,New York,13505,Volkman-Reilly,Professor,4,3990,Miscellaneous Manufacturing Industries
242,Royall,Royal,rroyal6p@barnesandnoble.com,(937) 5514527,(409) 1653331,7 Northport Street,Dayton,Ohio,45440,Reilly and Sons,Occupational Therapist,4,4011,"Railroads, Line-Haul Operating"
243,Elinor,Gunther,egunther6q@google.nl,(352) 8416657,(775) 4375494,58 Badeau Terrace,Gainesville,Florida,32605,Anderson Inc,Media Manager IV,4,4013,Railroad Switching & Terminal Establishments
244,Nicolais,Lacknor,nlacknor6r@prlog.org,(805) 5521336,(405) 7257746,1662 Tomscot Plaza,Santa Barbara,California,93106,Schaden Group,Office Assistant III,4,4100,Local & Suburban Transit & Interurban Hwy Passenger Trans
245,Bing,Slemming,bslemming6s@istockphoto.com,(520) 7730899,(419) 5334538,986 Gerald Court,Tucson,Arizona,85705,"Batz, Cassin and Smith",Chief Design Engineer,4,4210,Trucking & Courier Services (No Air)
246,Shawn,Vittery,svittery6t@ameblo.jp,(860) 4260688,(928) 7623040,681 Rusk Point,Hartford,Connecticut,6145,Schaefer and Sons,Staff Scientist,4,4213,Trucking (No Local)
247,Esdras,Helder,ehelder6u@columbia.edu,(402) 4970825,(215) 1012819,26 Little Fleur Hill,Omaha,Nebraska,68164,Ward Inc,Quality Control Specialist,4,4220,Public Warehousing & Storage
248,Rickie,Senior,rsenior6v@sitemeter.com,(504) 4220468,(202) 5945548,2 Anthes Crossing,New Orleans,Louisiana,70187,"Orn, Lind and Kassulke",Recruiter,4,4231,Terminal Maintenance Facilities For Motor Freight Transport
249,Tressa,Swine,tswine6w@bing.com,(515) 6324842,(936) 9158645,1 Harper Hill,Des Moines,Iowa,50936,"Terry, Murphy and Romaguera",Web Designer III,4,4400,Water Transportation
250,Tatiana,Friatt,tfriatt6x@1und1.de,(775) 9869119,(260) 2573011,37967 Anniversary Plaza,Reno,Nevada,89550,McCullough-Little,Environmental Tech,4,4412,Deep Sea Foreign Transportation of Freight
251,Jaclin,Gumn,jgumn6y@icio.us,(760) 8348139,(907) 2463450,991 Fremont Pass,Carlsbad,California,92013,"Lesch, King and Zboncak",Professor,4,4512,"Air Transportation, Scheduled"
252,Agata,Goodred,agoodred6z@imgur.com,(202) 5525481,(559) 4490610,37742 Springview Alley,Washington,District of Columbia,20215,Herman LLC,Accounting Assistant III,4,4513,Air Courier Services
253,Allan,Greaves,agreaves70@pcworld.com,(501) 2381563,(775) 6926266,93 Mallory Point,Little Rock,Arkansas,72204,Upton and Sons,Librarian,4,4522,"Air Transportation, Nonscheduled"
254,Perry,Fosdyke,pfosdyke71@elegantthemes.com,(304) 2968059,(803) 7936565,9 Huxley Circle,Huntington,West Virginia,25721,"Ward, Padberg and Hahn",Help Desk Operator,4,4581,"Airports, Flying Fields & Airport Terminal Services"
255,Ann,Penylton,apenylton72@tiny.cc,(408) 5578084,(601) 7365173,46 Glendale Junction,San Jose,California,95155,Emmerich-Mraz,Electrical Engineer,4,4610,Pipe Lines (No Natural Gas)
256,Dean,Willowby,dwillowby73@webs.com,(719) 3754206,(412) 7365862,59104 Morningstar Hill,Colorado Springs,Colorado,80910,"Schaefer, Klocko and Strosin",Nurse Practicioner,4,4700,Transportation Services
257,Christoforo,Hindenburg,chindenburg74@mashable.com,(434) 1852032,(213) 9776472,380 Gale Court,Durham,North Carolina,27705,Purdy-Grady,Graphic Designer,4,4731,Arrangement of Transportation of Freight & Cargo
258,Gusella,De Vaar,gdevaar75@pen.io,(336) 3401117,(212) 9277842,74 Kenwood Junction,Winston Salem,North Carolina,27116,Wiegand-Auer,Account Representative I,4,4812,Radiotelephone Communications
259,Marcelo,Bletso,mbletso76@pbs.org,(361) 6333312,(775) 7947880,188 Fuller Way,Corpus Christi,Texas,78465,"Cassin, King and Wiegand",Sales Representative,4,4813,Telephone Communications (No Radiotelephone)
260,Donnie,Dilland,ddilland77@mac.com,(303) 5706266,(718) 8354505,4240 Dennis Drive,Denver,Colorado,80279,Johns-Satterfield,Nurse Practicioner,4,4822,Telegraph & Other Message Communications
261,Geno,Foggo,gfoggo78@salon.com,(212) 6291626,(626) 4675771,2148 Lindbergh Parkway,Jamaica,New York,11499,Walker Group,Environmental Specialist,4,4832,Radio Broadcasting Stations
262,Fredericka,Riddiough,friddiough79@redcross.org,(707) 3555416,(202) 9910847,7978 Ohio Trail,Petaluma,California,94975,Padberg-Jast,Community Outreach Specialist,4,4833,Television Broadcasting Stations
263,Christophe,Lithcow,clithcow7a@twitter.com,(386) 1364276,(317) 9944890,4730 Roxbury Pass,Daytona Beach,Florida,32128,Jacobson Group,Environmental Specialist,4,4841,Cable & Other Pay Television Services
264,Garrett,Stait,gstait7b@constantcontact.com,(786) 7044353,(305) 7769058,416 Hoffman Court,Miami,Florida,33111,"Kulas, Kutch and Marquardt",Payment Adjustment Coordinator,4,4899,"Communications Services, NEC"
265,Ortensia,Aucock,oaucock7c@example.com,(213) 3270575,(713) 5987411,58734 Nancy Road,Los Angeles,California,90030,Donnelly Inc,Nuclear Power Engineer,4,4900,"Electric, Gas & Sanitary Services"
266,Arvie,Tourle,atourle7d@mediafire.com,(404) 4468977,(415) 3771581,9860 Park Meadow Drive,Atlanta,Georgia,31165,Jakubowski LLC,Quality Engineer,4,4911,Electric Services
267,Dniren,Phethean,dphethean7e@booking.com,(805) 6996210,(912) 2716499,644 Grasskamp Hill,San Mateo,California,94405,Koelpin LLC,Occupational Therapist,4,4922,Natural Gas Transmission
268,Jamaal,Nisard,jnisard7f@usa.gov,(202) 1901395,(816) 9814488,164 Pleasure Center,Washington,District of Columbia,20557,Mertz-Bashirian,Computer Systems Analyst III,4,4923,Natural Gas Transmission & Distribution
269,Mitzi,Hampshaw,mhampshaw7g@cargocollective.com,(941) 8482787,(801) 9802010,9590 Loomis Junction,Punta Gorda,Florida,33982,Hermann-Hermann,Operator,4,4924,Natural Gas Distribution
270,Jerrylee,Laite,jlaite7h@over-blog.com,(806) 6486613,(509) 5976494,7 Buell Hill,Lubbock,Texas,79415,"Towne, Heaney and Graham",Developer III,4,4931,Electric & Other Services Combined
271,Ninnetta,Girodier,ngirodier7i@mozilla.org,(478) 9750759,(509) 9591247,722 Brickson Park Crossing,Macon,Georgia,31210,"Zulauf, Will and Wolf",Developer II,4,4932,Gas & Other Services Combined
272,Fifine,Trigg,ftrigg7j@wisc.edu,(806) 6742872,(509) 4460596,02177 Anhalt Lane,Amarillo,Texas,79165,Adams-Jast,Internal Auditor,4,4941,Water Supply
273,Jonis,Armes,jarmes7k@exblog.jp,(602) 2729925,(810) 7946763,72910 Bowman Way,Phoenix,Arizona,85030,"Ziemann, Hilll and Krajcik",Help Desk Operator,4,4950,Sanitary Services
274,Remus,Waud,rwaud7l@wp.com,(404) 2193842,(803) 4294440,6 Maple Plaza,Atlanta,Georgia,30392,"Jacobi, Jones and Johnston",Nurse,4,4953,Refuse Systems
275,Lilian,Skipton,lskipton7m@51.la,(417) 2320277,(407) 9260630,6 International Way,Springfield,Missouri,65898,"Pollich, Prosacco and Luettgen",Legal Assistant,4,4955,Hazardous Waste Management
276,Balduin,Limpenny,blimpenny7n@fc2.com,(517) 2717082,(732) 1300444,86 Sutherland Court,Lansing,Michigan,48956,"Zieme, Fahey and Oberbrunner",Media Manager I,4,4961,Steam & Air-Conditioning Supply
277,Marcie,Gunthorpe,mgunthorpe7o@stumbleupon.com,(503) 2422576,(212) 7273344,86258 Main Way,Portland,Oregon,97221,Senger-Brown,Sales Representative,4,4991,Co-generation Services & Small Power Producers
278,Ole,Hubbins,ohubbins7p@slideshare.net,(813) 5296346,(562) 6391907,087 Atwood Point,Tampa,Florida,33673,Bosco-Kozey,Web Designer IV,4,5000,Wholesale-Durable Goods
279,Sidnee,Marzellano,smarzellano7q@mapquest.com,(202) 5236491,(586) 3082825,32732 Oak Valley Trail,Washington,District of Columbia,20088,Johnson Group,Geologist I,4,5010,Wholesale-Motor Vehicles & Motor Vehicle Parts & Supplies
280,Consuelo,Rabat,crabat7r@deliciousdays.com,(810) 2060326,(314) 9290967,380 Forest Place,Flint,Michigan,48555,Gutmann LLC,Senior Cost Accountant,4,5013,Wholesale-Motor Vehicle Supplies & New Parts
281,Brigitta,McCleod,bmccleod7s@sciencedaily.com,(612) 8229585,(830) 7081807,61 Gerald Court,Minneapolis,Minnesota,55446,"Greenholt, Walsh and Goodwin",Senior Developer,4,5020,Wholesale-Furniture & Home Furnishings
282,Brenden,Iredell,biredell7t@hatena.ne.jp,(808) 3567842,(915) 8821009,933 Summit Parkway,Honolulu,Hawaii,96850,Ryan Group,Junior Executive,4,5030,Wholesale-Lumber & Other Construction Materials
283,Sherlock,Antowski,santowski7u@cargocollective.com,(773) 9345408,(205) 9502303,75984 Upham Drive,Chicago,Illinois,60657,Schmidt LLC,VP Accounting,4,5031,"Wholesale-Lumber, Plywood, millwork & Wood Panels"
284,Daveta,Braiden,dbraiden7v@freewebs.com,(240) 5055942,(619) 3098666,49775 Schurz Junction,Frederick,Maryland,21705,"Kirlin, Luettgen and Trantow",Engineer II,4,5040,Wholesale-Professional & Commercial Equipment & Supplies
285,Minerva,Duchan,mduchan7w@paypal.com,(720) 9387827,(240) 9777373,5 Killdeer Pass,Denver,Colorado,80299,"Pfannerstill, Bogan and Hamill",Help Desk Operator,4,5045,Wholesale-Computers & Peripheral Equipment & Software
286,Darcey,Crocetto,dcrocetto7x@youtube.com,(406) 4668560,(917) 7118178,42 Independence Center,Bozeman,Montana,59771,Bogisich and Sons,Physical Therapy Assistant,4,5047,"Wholesale-Medical, Dental & Hospital Equipment & Supplies"
287,Dulcy,Berzin,dberzin7y@statcounter.com,(614) 2309732,(571) 9162115,9533 Sommers Trail,Columbus,Ohio,43226,"Bayer, Champlin and Kreiger",Assistant Media Planner,4,5050,Wholesale-Metals & Minerals (No Petroleum)
288,Colan,Knowling,cknowling7z@hexun.com,(202) 5006156,(972) 7212181,79013 Susan Crossing,Washington,District of Columbia,20404,"Towne, Russel and Crist",Programmer II,4,5051,Wholesale-Metals Service Centers & Offices
289,Meggie,Naulls,mnaulls80@yahoo.co.jp,(330) 3252968,(339) 3077650,481 Cherokee Point,Canton,Ohio,44710,Rowe-Hickle,Actuary,4,5063,"Wholesale-Electrical Apparatus & Equipment, Wiring Supplies"
290,Shaine,Carrier,scarrier81@wunderground.com,(303) 6159833,(518) 5094839,82 Dakota Center,Denver,Colorado,80279,Champlin LLC,Registered Nurse,4,5064,"Wholesale-Electrical Appliances, TV & Radio Sets"
291,Jasmine,Matthaus,jmatthaus82@fotki.com,(940) 7579130,(330) 8241966,8261 Kinsman Road,Wichita Falls,Texas,76310,Harber and Sons,Systems Administrator IV,4,5065,"Wholesale-Electronic Parts & Equipment, NEC"
292,Demetra,Maxwaile,dmaxwaile83@photobucket.com,(410) 8683830,(817) 6424333,71 Lighthouse Bay Point,Baltimore,Maryland,21290,"Borer, Mann and Schultz",Automation Specialist II,4,5070,Wholesale-Hardware & Plumbing & Heating Equipment & Supplies
293,Robinetta,Fordy,rfordy84@so-net.ne.jp,(773) 6118684,(904) 3710184,44160 Prentice Terrace,Chicago,Illinois,60619,"Nikolaus, Shields and Abernathy",Cost Accountant,4,5072,Wholesale-Hardware
294,Verla,Connachan,vconnachan85@senate.gov,(801) 1934735,(402) 8904379,7539 Holmberg Road,Ogden,Utah,84403,Kassulke and Sons,Accountant IV,4,5080,"Wholesale-Machinery, Equipment & Supplies"
295,Florri,Barnson,fbarnson86@buzzfeed.com,(513) 3643941,(304) 8039960,50504 Sachtjen Drive,Cincinnati,Ohio,45208,Treutel-Dach,Office Assistant IV,4,5082,Wholesale-Construction & Mining (No Petro) Machinery & Equip
296,Jacquie,Shoosmith,jshoosmith87@ucsd.edu,(816) 5278913,(520) 4442369,226 Dahle Lane,Kansas City,Missouri,64199,"Little, Hegmann and Pagac",Chief Design Engineer,4,5084,Wholesale-Industrial Machinery & Equipment
297,Angelina,Fehely,afehely88@mozilla.com,(917) 5522262,(754) 9300816,1 Lukken Trail,Flushing,New York,11388,"Conn, White and McKenzie",Compensation Analyst,4,5090,Wholesale-Misc Durable Goods
298,Arliene,Tevelov,atevelov89@phoca.cz,(601) 7312438,(309) 4735631,37400 Wayridge Pass,Jackson,Mississippi,39216,Larkin-VonRueden,Data Coordiator,4,5094,"Wholesale-Jewelry, Watches, Precious Stones & Metals"
299,Carolin,McCrae,cmccrae8a@netvibes.com,(571) 6951570,(941) 3178849,49 Garrison Plaza,Ashburn,Virginia,22093,"Mayer, Wehner and Bauch",Financial Advisor,4,5099,"Wholesale-Durable Goods, NEC"
300,Anny,Rizzini,arizzini8b@ox.ac.uk,(213) 8222592,(205) 5434689,33969 Maywood Junction,Los Angeles,California,90055,"Gorczany, Osinski and Sauer",Office Assistant IV,4,5110,Wholesale-Paper & Paper Products
,,,,,,,,,,,,,5122,"Wholesale-Drugs, Proprietaries & Druggists' Sundries"
,,,,,,,,,,,,,5130,"Wholesale-Apparel, Piece Goods & Notions"
,,,,,,,,,,,,,5140,Wholesale-Groceries & Related Products
,,,,,,,,,,,,,5141,"Wholesale-Groceries, General Line (merchandise)"
,,,,,,,,,,,,,5150,Wholesale-Farm Product Raw Materials
,,,,,,,,,,,,,5160,Wholesale-Chemicals & Allied Products
,,,,,,,,,,,,,5171,Wholesale-Petroleum Bulk Stations & Terminals
,,,,,,,,,,,,,5172,Wholesale-Petroleum & Petroleum Products (No Bulk Stations)
,,,,,,,,,,,,,5180,"Wholesale-Beer, Wine & Distilled Alcoholic Beverages"
,,,,,,,,,,,,,5190,Wholesale-Miscellaneous Non-durable Goods
,,,,,,,,,,,,,5200,"Retail-Building Materials, Hardware, Garden Supply"
,,,,,,,,,,,,,5211,Retail-Lumber & Other Building Materials Dealers
,,,,,,,,,,,,,5271,Retail-Mobile Home Dealers
,,,,,,,,,,,,,5311,Retail-Department Stores
,,,,,,,,,,,,,5331,Retail-Variety Stores
,,,,,,,,,,,,,5399,Retail-Misc General Merchandise Stores
,,,,,,,,,,,,,5400,Retail-Food Stores
,,,,,,,,,,,,,5411,Retail-Grocery Stores
,,,,,,,,,,,,,5412,Retail-Convenience Stores
,,,,,,,,,,,,,5500,Retail-Auto Dealers & Gasoline Stations
,,,,,,,,,,,,,5531,Retail-Auto & Home Supply Stores
,,,,,,,,,,,,,5551,Boat Dealers
,,,,,,,,,,,,,5600,Retail-Apparel & Accessory Stores
,,,,,,,,,,,,,5621,Retail-Women's Clothing Stores
,,,,,,,,,,,,,5651,Retail-Family Clothing Stores
,,,,,,,,,,,,,5661,Retail-Shoe Stores
,,,,,,,,,,,,,5700,"Retail-Home Furniture, Furnishings & Equipment Stores"
,,,,,,,,,,,,,5712,Retail-Furniture Stores
,,,,,,,,,,,,,5731,"Retail-Radio, TV & Consumer Electronics Stores"
,,,,,,,,,,,,,5734,Retail-Computer & Computer Software Stores
,,,,,,,,,,,,,5735,Retail-Record & Prerecorded Tape Stores
,,,,,,,,,,,,,5810,Retail-Eating & Drinking Places
,,,,,,,,,,,,,5812,Retail-Eating Places
,,,,,,,,,,,,,5900,Retail-Miscellaneous Retail
,,,,,,,,,,,,,5912,Retail-Drug Stores and Proprietary Stores
,,,,,,,,,,,,,5940,Retail-Miscellaneous Shopping Goods Stores
,,,,,,,,,,,,,5944,Retail-Jewelry Stores
,,,,,,,,,,,,,5945,"Retail-Hobby, Toy & Game Shops"
,,,,,,,,,,,,,5960,Retail-Nonstore Retailers
,,,,,,,,,,,,,5961,Retail-Catalog & Mail-Order Houses
,,,,,,,,,,,,,5990,"Retail-Retail Stores, NEC"
,,,,,,,,,,,,,6012,Pay Day Lenders
,,,,,,,,,,,,,6021,National Commercial Banks
,,,,,,,,,,,,,6022,State Commercial Banks
,,,,,,,,,,,,,6029,"Commercial Banks, NEC"
,,,,,,,,,,,,,6035,"Savings Institution, Federally Chartered"
,,,,,,,,,,,,,6036,"Savings Institutions, Not Federally Chartered"
,,,,,,,,,,,,,6099,"Functions Related To Depository Banking, NEC"
,,,,,,,,,,,,,6111,Federal & Federally Sponsored Credit Agencies
,,,,,,,,,,,,,6141,Personal Credit Institutions
,,,,,,,,,,,,,6153,Short-Term Business Credit Institutions
,,,,,,,,,,,,,6159,Miscellaneous Business Credit Institution
,,,,,,,,,,,,,6162,Mortgage Bankers & Loan Correspondents
,,,,,,,,,,,,,6163,Loan Brokers
,,,,,,,,,,,,,6172,Finance Lessors
,,,,,,,,,,,,,6189,Asset-Backed Securities
,,,,,,,,,,,,,6199,Finance Services
,,,,,,,,,,,,,6200,"Security & Commodity Brokers, Dealers, Exchanges & Services"
,,,,,,,,,,,,,6211,"Security Brokers, Dealers & Flotation Companies"
,,,,,,,,,,,,,6221,Commodity Contracts Brokers & Dealers
,,,,,,,,,,,,,6282,Investment Advice
,,,,,,,,,,,,,6311,Life Insurance
,,,,,,,,,,,,,6321,Accident & Health Insurance
,,,,,,,,,,,,,6324,Hospital & Medical Service Plans
,,,,,,,,,,,,,6331,"Fire, Marine & Casualty Insurance"
,,,,,,,,,,,,,6351,Surety Insurance
,,,,,,,,,,,,,6361,Title Insurance
,,,,,,,,,,,,,6399,"Insurance Carriers, NEC"
,,,,,,,,,,,,,6411,"Insurance Agents, Brokers & Service"
,,,,,,,,,,,,,6500,Real Estate
,,,,,,,,,,,,,6510,Real Estate Operators (No Developers) & Lessors
,,,,,,,,,,,,,6512,Operators of Nonresidential Buildings
,,,,,,,,,,,,,6513,Operators of Apartment Buildings
,,,,,,,,,,,,,6519,"Lessors of Real Property, NEC"
,,,,,,,,,,,,,6531,Real Estate Agents & Managers (For Others)
,,,,,,,,,,,,,6532,Real Estate Dealers (For Their Own Account)
,,,,,,,,,,,,,6552,Land Subdividers & Developers (No Cemeteries)
,,,,,,,,,,,,,6770,Blank Checks
,,,,,,,,,,,,,6792,Oil Royalty Traders
,,,,,,,,,,,,,6794,Patent Owners & Lessors
,,,,,,,,,,,,,6795,Mineral Royalty Traders
,,,,,,,,,,,,,6798,Real Estate Investment Trusts
,,,,,,,,,,,,,6799,"Investors, NEC"
,,,,,,,,,,,,,7000,"Hotels, Rooming Houses, Camps & Other Lodging Places"
,,,,,,,,,,,,,7011,Hotels & Motels
,,,,,,,,,,,,,7200,Services-Personal Services
,,,,,,,,,,,,,7310,Services-Advertising
,,,,,,,,,,,,,7311,Services-Advertising Agencies
,,,,,,,,,,,,,7320,"Services-Consumer Credit Reporting, Collection Agencies"
,,,,,,,,,,,,,7330,"Services-Mailing, Reproduction, Commercial Art & Photography"
,,,,,,,,,,,,,7331,Services-Direct Mail Advertising Services
,,,,,,,,,,,,,7334,Services-Photocopying and Duplicating Services
,,,,,,,,,,,,,7340,Services-To Dwellings & Other Buildings
,,,,,,,,,,,,,7350,Services-Miscellaneous Equipment Rental & Leasing
,,,,,,,,,,,,,7359,"Services-Equipment Rental & Leasing, NEC"
,,,,,,,,,,,,,7361,Services-Employment Agencies
,,,,,,,,,,,,,7363,Services-Help Supply Services
,,,,,,,,,,,,,7370,"Services-Computer Programming, Data Processing, Etc."
,,,,,,,,,,,,,7371,Services-Computer Programming Services
,,,,,,,,,,,,,7372,Services-Prepackaged Software
,,,,,,,,,,,,,7373,Services-Computer Integrated Systems Design
,,,,,,,,,,,,,7374,Services-Computer Processing & Data Preparation
,,,,,,,,,,,,,7377,Services-Computer Rental & Leasing
,,,,,,,,,,,,,7380,Services-Miscellaneous Business Services
,,,,,,,,,,,,,7381,"Services-Detective, Guard & Armored Car Services"
,,,,,,,,,,,,,7384,Services-Photofinishing Laboratories
,,,,,,,,,,,,,7385,Services-Telephone Interconnect Systems
,,,,,,,,,,,,,7389,"Services-Business Services, NEC"
,,,,,,,,,,,,,7500,"Services-Automotive Repair, Services & Parking"
,,,,,,,,,,,,,7510,Services-Auto Rental & Leasing (No Drivers)
,,,,,,,,,,,,,7600,Services-Miscellaneous Repair Services
,,,,,,,,,,,,,7812,Services-Motion Picture & Video Tape Production
,,,,,,,,,,,,,7819,Services-Allied To Motion Picture Production
,,,,,,,,,,,,,7822,Services-Motion Picture & Video Tape Distribution
,,,,,,,,,,,,,7829,Services-Allied To Motion Picture Distribution
,,,,,,,,,,,,,7830,Services-Motion Picture Theaters
,,,,,,,,,,,,,7841,Services-Video Tape Rental
,,,,,,,,,,,,,7900,Services-Amusement & Recreation Services
,,,,,,,,,,,,,7948,"Services-Racing, Including Track Operation"
,,,,,,,,,,,,,7990,Services-Miscellaneous Amusement & Recreation
,,,,,,,,,,,,,7994,Services-Video Game Arcades
,,,,,,,,,,,,,7995,Services-Gambling Transactions
,,,,,,,,,,,,,7996,Services-Amusement Parks
,,,,,,,,,,,,,7997,Services-Membership Sports & Recreation Clubs
,,,,,,,,,,,,,8000,Services-Health Services
,,,,,,,,,,,,,8011,Services-Offices & Clinics of Doctors of Medicine
,,,,,,,,,,,,,8050,Services-Nursing & Personal Care Facilities
,,,,,,,,,,,,,8051,Services-Skilled Nursing Care Facilities
,,,,,,,,,,,,,8060,Services-Hospitals
,,,,,,,,,,,,,8062,"Services-General Medical & Surgical Hospitals, NEC"
,,,,,,,,,,,,,8071,Services-Medical Laboratories
,,,,,,,,,,,,,8082,Services-Home Health Care Services
,,,,,,,,,,,,,8090,"Services-Misc Health & Allied Services, NEC"
,,,,,,,,,,,,,8093,"Services-Specialty Outpatient Facilities, NEC"
,,,,,,,,,,,,,8111,Services-Legal Services
,,,,,,,,,,,,,8200,Services-Educational Services
,,,,,,,,,,,,,8300,Services-Social Services
,,,,,,,,,,,,,8351,Services-Child Day Care Services
,,,,,,,,,,,,,8600,Services-Membership organizations
,,,,,,,,,,,,,8700,"Services-Engineering, Accounting, Research, Management"
,,,,,,,,,,,,,8711,Services-Engineering Services
,,,,,,,,,,,,,8731,Services-Commercial Physical & Biological Research
,,,,,,,,,,,,,8734,Services-Testing Laboratories
,,,,,,,,,,,,,8741,Services-Management Services
,,,,,,,,,,,,,8742,Services-Management Consulting Services
,,,,,,,,,,,,,8744,Services-Facilities Support Management Services
,,,,,,,,,,,,,8748,"Business Consulting Services, Not Elsewhere Classified"
,,,,,,,,,,,,,8880,American Depositary Receipts
,,,,,,,,,,,,,8888,Foreign Governments
,,,,,,,,,,,,,8900,"Services-Services, NEC"
,,,,,,,,,,,,,9721,International Affairs
,,,,,,,,,,,,,9995,Non-Operating Establishments
