1,Raychel,Dooman,Recruiting Manager,64-382-2344,,,502-673-3095,rdooman0@blog.com,004 8th Trail,Louisville,Kentucky,40205,,,4/11/2021
2,Orion,Dalgetty,Staff Accountant III,76-867-2525,,,408-813-9864,odalgetty1@arstechnica.com,3299 International Hill,San Jose,California,95155,,,12/18/2020
3,Claudius,MacGorrie,Physical Therapy Assistant,31-485-5050,,,502-809-8849,cmacgorrie2@weibo.com,24829 Stoughton Street,Louisville,Kentucky,40287,,,2/22/2021
4,Jania,Marwood,Web Developer II,67-342-1524,,,205-805-1352,jmarwood3@soundcloud.com,95705 Sundown Pass,Birmingham,Alabama,35231,,,2/22/2021
5,Ginnie,Janousek,Accounting Assistant III,14-107-8292,,,703-720-4550,gjanousek4@upenn.edu,3 Service Drive,Arlington,Virginia,22205,,,9/6/2021
6,Bernice,Stanistrete,Automation Specialist IV,06-543-2590,,,417-551-3702,bstanistrete5@people.com.cn,48073 Coolidge Avenue,Springfield,Missouri,65810,,,6/21/2021
7,Mauricio,Harlick,Pharmacist,36-531-9306,,,818-356-2100,mharlick6@homestead.com,2523 Orin Pass,Pittsburgh,Pennsylvania,15266,,,11/13/2021
8,Leoine,Skacel,Environmental Tech,71-132-3023,,,214-907-2280,lskacel7@netlog.com,8 Fieldstone Park,Arlington,Texas,76011,,,1/15/2021
9,Kandy,Huison,Systems Administrator II,91-653-1930,,,405-211-3503,khuison8@cpanel.net,3 Corscot Avenue,Oklahoma City,Oklahoma,73197,,,2/25/2021
10,Daile,Trouel,Project Manager,42-965-0113,,,513-572-4867,dtrouel9@indiatimes.com,17117 Rutledge Junction,Cincinnati,Ohio,45243,,,12/25/2020
11,Livvyy,Bungey,Community Outreach Specialist,66-968-3654,,,605-659-7394,lbungeya@nymag.com,38 Bultman Lane,Sioux Falls,South Dakota,57110,,,7/28/2021
12,Eldredge,Mogra,Design Engineer,50-854-8525,,,704-115-5763,emograb@clickbank.net,81059 Vidon Court,Charlotte,North Carolina,28230,,,3/2/2021
13,Papageno,Antill,Account Coordinator,66-791-0394,,,202-952-3020,pantillc@forbes.com,51270 Charing Cross Center,Washington,District of Columbia,20260,,,9/29/2021
14,Minta,Stores,Senior Developer,24-236-6776,,,775-603-9027,mstoresd@irs.gov,2 Sloan Trail,Sparks,Nevada,89436,,,8/1/2021
15,Euell,Burtonshaw,Sales Representative,81-390-8651,,,503-487-4818,eburtonshawe@acquirethisname.com,2662 Utah Center,Portland,Oregon,97216,,,12/30/2020
16,Sly,Galbreath,Technical Writer,21-137-9903,,,913-215-4853,sgalbreathf@sourceforge.net,1824 Butterfield Parkway,Kansas City,Kansas,66160,,,7/23/2021
17,Collete,Fishbourn,Librarian,53-945-8539,,,508-724-4605,cfishbourng@chron.com,0 Northland Point,Waltham,Massachusetts,2453,,,9/30/2021
18,Tiertza,Sheers,GIS Technical Architect,10-577-0260,,,214-334-8791,tsheersh@networksolutions.com,455 Dovetail Trail,Denton,Texas,76210,,,10/3/2021
19,Edward,Collough,Recruiter,18-630-0229,,,520-491-7884,ecolloughi@purevolume.com,89 Crownhardt Hill,Tucson,Arizona,85720,,,3/8/2021
20,Gay,Chasson,Web Designer IV,07-154-1615,,,626-805-9322,gchassonj@wikispaces.com,4 Westerfield Lane,Corona,California,92883,,,3/12/2021
21,Valentino,Lamlin,Senior Financial Analyst,74-876-8402,,,201-209-7647,vlamlink@sciencedirect.com,76600 Fairview Way,Newark,New Jersey,7112,,,8/25/2021
22,Gayelord,Ferrini,Account Coordinator,43-418-1204,,,501-219-5600,gferrinil@washington.edu,7985 Coleman Park,North Little Rock,Arkansas,72199,,,12/23/2020
23,Adora,Paireman,VP Marketing,25-281-0579,,,413-217-9985,apairemanm@tripod.com,39 Dapin Court,Springfield,Massachusetts,1105,,,9/7/2021
24,Elianora,Matusov,Administrative Officer,36-886-4779,,,860-754-6971,ematusovn@slate.com,77411 Eagle Crest Lane,West Hartford,Connecticut,6127,,,1/31/2021
25,Ingmar,Scourfield,Senior Sales Associate,74-865-8657,,,775-851-0745,iscourfieldo@google.com.au,10 Loftsgordon Pass,Reno,Nevada,89550,,,3/12/2021
26,Denyse,Harewood,Cost Accountant,70-029-4361,,,502-933-9780,dharewoodp@uiuc.edu,07 Fordem Place,Louisville,Kentucky,40220,,,4/26/2021
27,Shelagh,Hanratty,GIS Technical Architect,07-003-1632,,,903-416-9611,shanrattyq@utexas.edu,19 Welch Junction,Longview,Texas,75605,,,7/21/2021
28,Caddric,D'Alesco,Nurse,30-690-2518,,,804-423-3335,cdalescor@irs.gov,3 Lukken Court,Richmond,Virginia,23289,,,10/14/2021
29,Kat,Cudde,Project Manager,14-041-8381,,,806-804-6014,kcuddes@sakura.ne.jp,050 Gale Crossing,Amarillo,Texas,79171,,,3/27/2021
30,Evangelina,Girhard,Engineer IV,58-534-4470,,,937-714-6321,egirhardt@moonfruit.com,2267 Anniversary Hill,Dayton,Ohio,45470,,,5/22/2021
31,Pauli,Rishbrook,Environmental Tech,33-665-2320,,,925-627-8441,prishbrooku@scribd.com,148 Melby Court,Concord,California,94522,,,8/21/2021
32,Marian,Casiroli,Software Test Engineer II,58-620-2183,,,910-115-4701,mcasiroliv@nsw.gov.au,4 Armistice Circle,Fayetteville,North Carolina,28305,,,9/12/2021
33,Wolfgang,McRill,Accountant IV,11-798-3082,,,213-488-7839,wmcrillw@qq.com,340 Westerfield Pass,Los Angeles,California,90087,,,3/28/2021
34,Alicia,Minghella,Assistant Media Planner,86-793-9882,,,757-889-2492,aminghellax@twitter.com,86007 Cordelia Point,Richmond,Virginia,23225,,,11/11/2021
35,Devonne,Brokenshaw,Automation Specialist IV,59-562-9777,,,405-622-0975,dbrokenshawy@smugmug.com,153 Debs Point,Oklahoma City,Oklahoma,73129,,,5/7/2021
36,Lonni,Pettko,Graphic Designer,28-391-8859,,,601-751-7968,lpettkoz@timesonline.co.uk,6 Forest Dale Drive,Jackson,Mississippi,39236,,,5/29/2021
37,Benny,Shedd,Assistant Professor,52-067-6163,,,541-221-0155,bshedd10@theguardian.com,0003 Maple Hill,Eugene,Oregon,97405,,,1/21/2021
38,Shirley,Puttan,Senior Quality Engineer,06-759-3051,,,413-759-3820,sputtan11@umn.edu,37369 Crowley Lane,Springfield,Massachusetts,1152,,,11/10/2021
39,Stevana,Barrus,Human Resources Manager,68-763-3381,,,626-982-6609,sbarrus12@dropbox.com,2889 Cascade Parkway,Pasadena,California,91125,,,7/11/2021
40,Priscella,Kwiek,Occupational Therapist,58-388-4937,,,443-316-5450,pkwiek13@epa.gov,0 Dayton Junction,Baltimore,Maryland,21203,,,10/25/2021
41,Dyanne,Kirdsch,Software Consultant,89-946-2976,,,210-391-9420,dkirdsch14@boston.com,24 Armistice Road,San Antonio,Texas,78250,,,7/5/2021
42,Germaine,Merioth,Information Systems Manager,45-624-9287,,,301-937-4994,gmerioth15@unicef.org,0 Main Junction,Bethesda,Maryland,20892,,,3/20/2021
43,Fowler,Claridge,Senior Financial Analyst,10-262-2486,,,337-637-7483,fclaridge16@uol.com.br,6 Novick Place,Lafayette,Louisiana,70505,,,11/2/2021
44,Walt,Atherton,Marketing Assistant,86-229-5112,,,213-232-1263,watherton17@msu.edu,55 Bartelt Pass,Los Angeles,California,90030,,,7/30/2021
45,Diarmid,Giovannini,Help Desk Operator,04-295-5474,,,425-163-7875,dgiovannini18@statcounter.com,0670 Arapahoe Alley,Everett,Washington,98206,,,7/28/2021
46,Dante,Defrain,Assistant Media Planner,24-874-1803,,,610-622-1348,ddefrain19@symantec.com,9 Amoth Avenue,Philadelphia,Pennsylvania,19104,,,4/2/2021
47,Sloan,Berthel,Payment Adjustment Coordinator,11-857-8414,,,915-763-5259,sberthel1a@ihg.com,977 Kensington Junction,El Paso,Texas,79999,,,5/10/2021
48,Pierre,Crassweller,Senior Editor,70-009-8485,,,513-222-8932,pcrassweller1b@chron.com,2 Golf Road,Cincinnati,Ohio,45264,,,6/26/2021
49,Kaitlynn,Badini,Legal Assistant,27-147-7374,,,925-696-4216,kbadini1c@biglobe.ne.jp,723 Fair Oaks Parkway,Concord,California,94522,,,3/27/2021
50,Emili,Dunne,Environmental Tech,97-837-4306,,,240-238-8825,edunne1d@joomla.org,5121 Southridge Center,Frederick,Maryland,21705,,,12/13/2020
51,Mirna,Esterbrook,Research Assistant II,64-554-9973,,,616-560-3195,mesterbrook1e@cargocollective.com,87 Kropf Drive,Grand Rapids,Michigan,49510,,,1/28/2021
52,Tabatha,Rembrant,VP Product Management,44-579-4166,,,561-476-2461,trembrant1f@baidu.com,8 Bluejay Circle,West Palm Beach,Florida,33405,,,3/4/2021
53,Gipsy,Lawson,Recruiter,20-746-2294,,,810-261-3247,glawson1g@usnews.com,0 Katie Junction,Flint,Michigan,48555,,,7/6/2021
54,Pamelina,Anstead,Internal Auditor,19-483-5157,,,210-163-2460,panstead1h@instagram.com,3880 Logan Trail,San Antonio,Texas,78235,,,7/3/2021
55,Maudie,Tremouille,Physical Therapy Assistant,27-204-1422,,,703-571-6982,mtremouille1i@apache.org,10895 Harbort Way,Silver Spring,Maryland,20904,,,4/30/2021
56,Simonne,Atwill,Civil Engineer,58-169-1487,,,303-467-1177,satwill1j@youtube.com,8554 Northview Junction,Arvada,Colorado,80005,,,11/12/2021
57,Otha,Bootton,Senior Developer,04-990-7092,,,310-577-2553,obootton1k@scribd.com,3360 Sauthoff Trail,Inglewood,California,90310,,,2/28/2021
58,Bartolomeo,Lumbers,Research Associate,98-087-6002,,,505-995-4100,blumbers1l@ning.com,7268 Dakota Way,Albuquerque,New Mexico,87140,,,1/12/2021
59,Waldemar,Peacocke,Programmer Analyst I,93-092-8635,,,202-350-9714,wpeacocke1m@google.ca,95 Crownhardt Center,Washington,District of Columbia,20231,,,1/9/2021
60,Eloisa,Christophle,Quality Engineer,39-159-6097,,,215-789-6047,echristophle1n@wufoo.com,75911 Fisk Drive,Philadelphia,Pennsylvania,19146,,,8/26/2021
61,Brittan,Leathwood,Biostatistician IV,81-370-4477,,,859-523-4736,bleathwood1o@squarespace.com,80128 Swallow Court,Lexington,Kentucky,40546,,,8/13/2021
62,Odilia,Saltmarsh,Internal Auditor,34-442-6236,,,415-608-2393,osaltmarsh1p@amazon.de,14025 Arapahoe Drive,San Francisco,California,94159,,,2/24/2021
63,Ingamar,Lavall,Executive Secretary,76-722-7570,,,425-348-8230,ilavall1q@wikia.com,00695 Independence Alley,Seattle,Washington,98140,,,5/15/2021
64,Billi,Blaxley,VP Sales,10-675-0996,,,559-165-8307,bblaxley1r@salon.com,85 Carberry Street,Fresno,California,93762,,,3/16/2021
65,Derwin,Phifer,Nuclear Power Engineer,45-029-2621,,,915-288-2989,dphifer1s@fc2.com,91216 Lunder Parkway,El Paso,Texas,88535,,,10/8/2021
66,Angela,Wardroper,Assistant Professor,17-283-3770,,,386-897-3871,awardroper1t@apache.org,51902 Drewry Terrace,Daytona Beach,Florida,32128,,,1/14/2021
67,Pete,Dowry,Actuary,26-364-3169,,,503-524-6777,pdowry1u@umich.edu,877 Old Shore Junction,Portland,Oregon,97211,,,8/7/2021
68,Marysa,Mityukov,Research Associate,42-345-1858,,,203-655-5477,mmityukov1v@irs.gov,5413 Hansons Center,New Haven,Connecticut,6510,,,3/11/2021
69,Johnath,MacCleod,Social Worker,91-301-7175,,,915-756-8134,jmaccleod1w@studiopress.com,40 Hayes Point,El Paso,Texas,88546,,,12/27/2020
70,Lulu,Hoxey,Project Manager,80-092-8120,,,865-269-5816,lhoxey1x@rambler.ru,22065 Kennedy Place,Knoxville,Tennessee,37995,,,12/10/2021
71,Angeline,Jovey,Desktop Support Technician,26-881-5145,,,713-641-1514,ajovey1y@gravatar.com,0 Dixon Avenue,Houston,Texas,77255,,,10/15/2021
72,Grete,McGirl,Database Administrator III,99-799-4143,,,305-132-5739,gmcgirl1z@delicious.com,96571 Vera Circle,Miami,Florida,33129,,,2/27/2021
73,Davie,Woollaston,Desktop Support Technician,27-931-3950,,,615-860-2289,dwoollaston20@sun.com,3 Heffernan Park,Nashville,Tennessee,37245,,,3/4/2021
74,Orella,Trattles,VP Sales,51-815-6044,,,540-131-7652,otrattles21@skyrock.com,10 Mitchell Avenue,Roanoke,Virginia,24034,,,9/1/2021
75,Astrix,Birdwhistell,Account Representative II,17-037-6864,,,941-204-5276,abirdwhistell22@nih.gov,75 Onsgard Circle,Bradenton,Florida,34282,,,1/8/2021
76,Jacqueline,Gellier,Social Worker,92-046-4685,,,718-179-1111,jgellier23@merriam-webster.com,1494 Manitowish Place,Brooklyn,New York,11225,,,6/5/2021
77,Evvy,Pearle,Budget/Accounting Analyst IV,97-805-2655,,,907-127-2762,epearle24@ucsd.edu,2900 Duke Parkway,Fairbanks,Alaska,99709,,,5/22/2021
78,Shea,Trathan,Technical Writer,29-191-1372,,,313-650-5215,strathan25@exblog.jp,8020 Waubesa Lane,Detroit,Michigan,48232,,,10/14/2021
79,Benedikt,Porson,Research Assistant III,11-339-2151,,,714-396-8741,bporson26@forbes.com,2 Monica Lane,Irvine,California,92717,,,11/13/2021
80,Dorie,Cases,Administrative Officer,50-944-8247,,,260-574-5621,dcases27@dailymotion.com,05 Banding Drive,Fort Wayne,Indiana,46852,,,11/3/2021
81,Linzy,Brandli,Structural Analysis Engineer,15-666-6853,,,989-485-9142,lbrandli28@google.com,075 Florence Point,Saginaw,Michigan,48604,,,10/14/2021
82,Freemon,Stott,Senior Quality Engineer,75-370-6729,,,504-631-0618,fstott29@multiply.com,17342 Stoughton Point,New Orleans,Louisiana,70124,,,5/7/2021
83,Doug,Mullaney,Staff Scientist,75-052-1477,,,405-884-9943,dmullaney2a@unicef.org,71 Basil Trail,Oklahoma City,Oklahoma,73147,,,4/18/2021
84,Tonia,Evershed,Senior Quality Engineer,87-539-6819,,,304-982-5998,tevershed2b@prweb.com,45145 Claremont Hill,Huntington,West Virginia,25716,,,1/18/2021
85,Geralda,Bridell,VP Accounting,88-034-5271,,,616-844-6775,gbridell2c@google.es,56 Troy Plaza,Grand Rapids,Michigan,49560,,,12/9/2021
86,Pandora,Guiot,VP Accounting,87-450-1865,,,915-729-3938,pguiot2d@reddit.com,0 Lindbergh Plaza,El Paso,Texas,79968,,,6/12/2021
87,Andre,Beneix,Senior Developer,92-837-3671,,,408-381-0145,abeneix2e@bizjournals.com,7 Algoma Pass,San Jose,California,95150,,,11/29/2021
88,Bidget,Biaggioni,Software Test Engineer IV,53-026-7724,,,713-588-4939,bbiaggioni2f@apache.org,2 Prentice Court,Spring,Texas,77388,,,7/15/2021
89,See,Giabucci,Nurse,91-130-9158,,,615-970-9754,sgiabucci2g@ft.com,5 Vahlen Hill,Nashville,Tennessee,37215,,,6/7/2021
90,Nobie,Grice,Analyst Programmer,24-815-2146,,,215-859-7549,ngrice2h@oracle.com,2 Memorial Hill,Philadelphia,Pennsylvania,19184,,,9/26/2021
91,Amby,Wisden,Desktop Support Technician,35-416-2139,,,914-489-4832,awisden2i@apache.org,0068 Lighthouse Bay Point,White Plains,New York,10633,,,6/13/2021
92,Liana,Vickarman,Analog Circuit Design manager,40-856-9000,,,561-773-7690,lvickarman2j@topsy.com,53557 5th Pass,Lake Worth,Florida,33467,,,12/9/2021
93,Sherye,Pol,Database Administrator I,63-369-2795,,,864-192-9815,spol2k@wired.com,6 Eggendart Plaza,Spartanburg,South Carolina,29305,,,6/22/2021
94,Nomi,Durrad,Assistant Professor,97-680-1445,,,205-953-0832,ndurrad2l@devhub.com,72 Warrior Place,Tuscaloosa,Alabama,35487,,,10/13/2021
95,Frederique,Dives,Clinical Specialist,06-142-6619,,,719-379-9754,fdives2m@bravesites.com,170 Rowland Crossing,Colorado Springs,Colorado,80935,,,4/2/2021
96,Malva,Addinall,Geologist III,14-701-9645,,,402-465-6131,maddinall2n@samsung.com,7714 Fairfield Circle,Lincoln,Nebraska,68583,,,2/27/2021
97,Townsend,Gouck,VP Quality Control,88-938-9577,,,702-616-3443,tgouck2o@yelp.com,752 Pepper Wood Avenue,Santa Barbara,California,93111,,,3/25/2021
98,Karalynn,Jennaway,Administrative Officer,32-951-9478,,,214-981-8312,kjennaway2p@joomla.org,9 Holy Cross Avenue,Dallas,Texas,75342,,,6/3/2021
99,Abel,Dilley,Help Desk Technician,29-372-9702,,,561-343-9496,adilley2q@squidoo.com,4227 Oak Lane,Palm Bay,Florida,32909,,,5/3/2021
100,Renard,Bilham,Environmental Tech,33-850-2114,,,907-670-1835,rbilham2r@arizona.edu,1 Bartillon Road,Anchorage,Alaska,99522,,,7/30/2021
101,Kelila,Slimm,Budget/Accounting Analyst IV,86-377-3445,,,806-865-4021,kslimm2s@miitbeian.gov.cn,2 Buena Vista Circle,Amarillo,Texas,79171,,,9/19/2021
102,Drusy,Lackinton,Biostatistician IV,47-045-5618,,,559-227-3668,dlackinton2t@google.co.uk,83 Forest Dale Circle,Modesto,California,95354,,,3/1/2021
103,Shelley,Gurko,Health Coach II,69-257-4003,,,215-459-6598,sgurko2u@elegantthemes.com,9 Namekagon Place,Philadelphia,Pennsylvania,19191,,,4/29/2021
104,Israel,Gecke,Geologist IV,92-805-5569,,,515-817-4255,igecke2v@elpais.com,1 Starling Trail,Des Moines,Iowa,50936,,,3/31/2021
105,Cati,Levitt,Paralegal,48-273-7203,,,615-178-9545,clevitt2w@illinois.edu,415 Sutteridge Court,Murfreesboro,Tennessee,37131,,,7/29/2021
106,Norrie,Sulman,General Manager,87-948-3275,,,330-569-6097,nsulman2x@deviantart.com,34951 Huxley Lane,Youngstown,Ohio,44505,,,3/17/2021
107,Brok,Bownes,Recruiting Manager,99-444-8230,,,615-522-5255,bbownes2y@ibm.com,273 Green Center,Nashville,Tennessee,37235,,,7/30/2021
108,Beatrix,Bachmann,VP Sales,53-438-4592,,,305-801-5629,bbachmann2z@google.co.uk,0161 Mccormick Hill,Miami,Florida,33129,,,5/18/2021
109,Drusy,Siemon,Paralegal,51-627-8298,,,323-565-7181,dsiemon30@nbcnews.com,2081 Kipling Junction,Los Angeles,California,90005,,,2/13/2021
110,Haley,Follin,Administrative Officer,61-141-9746,,,405-671-4750,hfollin31@adobe.com,039 Stephen Trail,Oklahoma City,Oklahoma,73129,,,6/14/2021
111,Justus,Bertelet,Office Assistant I,31-227-6822,,,806-687-1659,jbertelet32@mysql.com,8 Pleasure Drive,Amarillo,Texas,79116,,,8/13/2021
112,Filide,Aireton,Administrative Assistant I,75-865-1100,,,309-484-8418,faireton33@flickr.com,7800 Hanson Trail,Peoria,Illinois,61605,,,4/22/2021
113,Ryan,Pavlishchev,VP Marketing,39-930-4053,,,843-846-4114,rpavlishchev34@merriam-webster.com,7262 Pankratz Trail,Charleston,South Carolina,29411,,,11/7/2021
114,Martino,Foxwell,Programmer Analyst I,11-975-2258,,,318-501-0180,mfoxwell35@hexun.com,78 David Trail,Shreveport,Louisiana,71105,,,10/9/2021
115,Vida,Borwick,Technical Writer,93-827-4663,,,304-380-5014,vborwick36@sakura.ne.jp,81 Dapin Pass,Huntington,West Virginia,25721,,,10/26/2021
116,Renell,Ciraldo,Accounting Assistant I,12-273-2831,,,336-590-9155,rciraldo37@constantcontact.com,183 Dawn Circle,Greensboro,North Carolina,27409,,,2/4/2021
117,Stern,Summerskill,Media Manager IV,94-093-2848,,,405-909-3351,ssummerskill38@cbslocal.com,5 Burning Wood Pass,Oklahoma City,Oklahoma,73124,,,3/24/2021
118,Giuditta,Dupoy,Computer Systems Analyst I,46-196-0777,,,763-183-2590,gdupoy39@unc.edu,39913 Village Circle,Minneapolis,Minnesota,55402,,,5/22/2021
119,Willa,Chitter,Engineer III,18-467-2287,,,202-201-1360,wchitter3a@europa.eu,21 Graceland Way,Washington,District of Columbia,20005,,,4/27/2021
120,Nikolia,Fryer,Analyst Programmer,04-040-5571,,,682-179-5913,nfryer3b@wikispaces.com,15947 Sugar Terrace,Fort Worth,Texas,76192,,,11/9/2021
121,Stoddard,Adcock,Operator,19-449-1441,,,757-588-1671,sadcock3c@bbc.co.uk,976 Russell Trail,Virginia Beach,Virginia,23459,,,11/7/2021
122,Tricia,Garr,Analyst Programmer,80-444-0646,,,814-290-0200,tgarr3d@answers.com,772 Hanson Park,Erie,Pennsylvania,16565,,,8/31/2021
123,Birk,Boulds,Legal Assistant,92-408-7139,,,513-675-5307,bboulds3e@soundcloud.com,76690 Novick Junction,Cincinnati,Ohio,45249,,,2/26/2021
124,Rayna,Simkins,Statistician IV,97-378-2537,,,404-612-7841,rsimkins3f@google.co.jp,1 Di Loreto Terrace,Gainesville,Georgia,30506,,,3/19/2021
125,Noellyn,Cantua,Geological Engineer,66-926-4360,,,310-987-2034,ncantua3g@state.gov,8020 Miller Drive,Los Angeles,California,90010,,,11/30/2021
126,Debby,Rumsby,VP Accounting,06-001-5592,,,515-421-7159,drumsby3h@myspace.com,28 Fisk Place,Des Moines,Iowa,50981,,,8/10/2021
127,Rafael,Daglish,Product Engineer,19-733-7068,,,-935,rdaglish3i@lycos.com,0 Ramsey Avenue,Pittsburgh,Pennsylvania,15266,,,8/8/2021
128,Bryn,Vondra,Product Engineer,46-635-9779,,,701-784-4986,bvondra3j@icq.com,279 8th Alley,Fargo,North Dakota,58106,,,12/5/2021
129,Veronike,Kears,Biostatistician III,29-706-1750,,,816-832-5457,vkears3k@fema.gov,6002 Weeping Birch Way,Kansas City,Missouri,64199,,,2/28/2021
130,Petra,Melledy,Chief Design Engineer,29-449-8918,,,251-330-5840,pmelledy3l@comcast.net,9591 Bartillon Pass,Mobile,Alabama,36605,,,4/14/2021
131,Dale,Marchington,Director of Sales,66-707-0822,,,915-366-1527,dmarchington3m@posterous.com,18181 Kings Parkway,El Paso,Texas,88519,,,9/25/2021
132,Hewie,Aloshkin,Staff Scientist,87-473-6045,,,205-774-1611,haloshkin3n@theatlantic.com,21814 Sachtjen Street,Tuscaloosa,Alabama,35487,,,7/18/2021
133,Delbert,Matton,Speech Pathologist,56-642-1249,,,606-913-1712,dmatton3o@intel.com,14033 Knutson Pass,London,Kentucky,40745,,,12/13/2020
134,Rita,Dalziel,Media Manager IV,11-537-5506,,,804-607-0286,rdalziel3p@dot.gov,26 Donald Park,Richmond,Virginia,23277,,,10/27/2021
135,Clemence,Banisch,Environmental Tech,15-311-8013,,,574-670-6481,cbanisch3q@amazon.co.uk,587 Red Cloud Place,South Bend,Indiana,46634,,,4/4/2021
136,Piper,Bilsland,Associate Professor,89-947-9095,,,571-556-1116,pbilsland3r@gravatar.com,71 East Alley,Dulles,Virginia,20189,,,7/18/2021
137,Abey,Merit,Structural Engineer,38-107-0387,,,212-510-7554,amerit3s@state.tx.us,92980 Stephen Circle,New York City,New York,10260,,,12/9/2021
138,Raviv,Meates,Financial Analyst,31-404-2913,,,816-666-1318,rmeates3t@bing.com,464 Nova Plaza,Kansas City,Missouri,64160,,,4/10/2021
139,Percival,Fitzpatrick,Technical Writer,00-486-8273,,,318-247-9669,pfitzpatrick3u@goo.gl,2 Katie Drive,Shreveport,Louisiana,71130,,,11/3/2021
140,Brett,Shawyer,Paralegal,48-120-7466,,,832-165-1379,bshawyer3v@opera.com,8 Ilene Alley,Houston,Texas,77201,,,6/9/2021
141,Urbano,Elis,Cost Accountant,99-967-2904,,,323-942-5586,uelis3w@plala.or.jp,76 Sherman Lane,Los Angeles,California,90065,,,8/18/2021
142,Jerald,Sever,Account Coordinator,98-756-4823,,,918-245-2636,jsever3x@godaddy.com,5876 Everett Plaza,Tulsa,Oklahoma,74141,,,4/12/2021
143,Alverta,Aldersea,Paralegal,45-600-8603,,,402-386-0906,aaldersea3y@slate.com,49 Dayton Drive,Lincoln,Nebraska,68510,,,1/1/2021
144,Hobey,Fairhead,Sales Associate,32-626-3853,,,240-103-5699,hfairhead3z@google.pl,301 Warner Junction,Hagerstown,Maryland,21747,,,12/14/2020
145,Mahmud,Pullman,Developer II,30-502-5743,,,210-745-8621,mpullman40@eventbrite.com,15 Gateway Hill,San Antonio,Texas,78210,,,8/23/2021
146,Dallas,Gabbitis,Budget/Accounting Analyst III,86-688-9108,,,401-146-6347,dgabbitis41@github.io,88614 Lyons Alley,Providence,Rhode Island,2912,,,7/24/2021
147,Letisha,Punter,Media Manager III,67-560-1492,,,316-370-4335,lpunter42@nymag.com,82527 Stoughton Crossing,Wichita,Kansas,67220,,,1/22/2021
148,Jarrod,Minchin,Data Coordiator,53-977-8949,,,608-202-2093,jminchin43@uol.com.br,83 Eagan Alley,Madison,Wisconsin,53705,,,7/17/2021
149,Averill,Gilloran,Nurse Practicioner,04-941-6326,,,313-820-0309,agilloran44@spiegel.de,0 Cardinal Circle,Detroit,Michigan,48217,,,12/13/2020
150,Georgy,Leer,Accountant III,98-688-6403,,,215-162-3724,gleer45@technorati.com,175 Packers Center,Philadelphia,Pennsylvania,19141,,,5/11/2021
151,L;urette,Padmore,Office Assistant II,52-035-0419,,,209-851-3823,lpadmore46@dropbox.com,279 Burrows Terrace,Stockton,California,95219,,,11/21/2021
152,Moses,Malcolmson,Legal Assistant,60-865-7123,,,504-891-8383,mmalcolmson47@meetup.com,5057 1st Park,New Orleans,Louisiana,70154,,,5/28/2021
153,Monty,Toppes,VP Product Management,00-952-6439,,,205-497-5162,mtoppes48@baidu.com,26459 Melby Alley,Birmingham,Alabama,35225,,,3/14/2021
154,Leeann,Somerled,Statistician III,35-486-9113,,,651-505-4692,lsomerled49@statcounter.com,46 Surrey Point,Saint Paul,Minnesota,55108,,,2/9/2021
155,Herby,Burgoyne,Database Administrator I,35-201-9043,,,585-631-2323,hburgoyne4a@meetup.com,2278 Merrick Hill,Rochester,New York,14683,,,5/26/2021
156,Fayre,Cremin,Paralegal,56-329-8790,,,904-546-7885,fcremin4b@irs.gov,0 Mosinee Road,Jacksonville,Florida,32230,,,9/28/2021
157,Bathsheba,Ipsley,Automation Specialist II,28-069-9115,,,240-955-6997,bipsley4c@salon.com,203 Lake View Place,Silver Spring,Maryland,20918,,,10/31/2021
158,Cirilo,Joincey,Physical Therapy Assistant,76-706-8992,,,501-595-6353,cjoincey4d@163.com,66 Rieder Street,Little Rock,Arkansas,72222,,,8/4/2021
159,Ashbey,Copson,Cost Accountant,09-715-2354,,,704-559-1697,acopson4e@newsvine.com,6409 Bobwhite Park,Charlotte,North Carolina,28220,,,7/23/2021
160,Jilli,Farra,Compensation Analyst,29-566-2600,,,817-251-0705,jfarra4f@yelp.com,1212 Montana Center,Arlington,Texas,76004,,,12/14/2020
161,Evvy,Connichie,Product Engineer,13-789-7995,,,509-895-9161,econnichie4g@adobe.com,42702 Shopko Point,Spokane,Washington,99220,,,11/7/2021
162,Aubrey,Coghlin,Graphic Designer,24-983-7119,,,214-897-1325,acoghlin4h@ebay.co.uk,6 8th Trail,Dallas,Texas,75387,,,7/9/2021
163,Renaud,Muston,Budget/Accounting Analyst IV,93-268-4725,,,319-795-5546,rmuston4i@spiegel.de,342 Miller Point,Cedar Rapids,Iowa,52410,,,6/10/2021
164,Sterling,Myner,Paralegal,75-445-7098,,,208-543-7389,smyner4j@liveinternet.ru,84393 Delaware Point,Pocatello,Idaho,83206,,,11/24/2021
165,Gale,Greatbach,Cost Accountant,26-687-5450,,,408-779-0992,ggreatbach4k@infoseek.co.jp,18612 Talmadge Park,San Jose,California,95123,,,10/17/2021
166,Dyanna,Dobsons,Senior Editor,38-845-9521,,,704-961-0349,ddobsons4l@accuweather.com,963 Merrick Trail,Gastonia,North Carolina,28055,,,7/30/2021
167,Charmane,Goldring,Associate Professor,89-181-2928,,,650-471-5390,cgoldring4m@macromedia.com,83257 Briar Crest Trail,Redwood City,California,94064,,,1/16/2021
168,Sigrid,Fish,Software Test Engineer III,45-626-4166,,,510-551-5347,sfish4n@about.com,752 Dovetail Lane,Oakland,California,94622,,,1/28/2021
169,Rock,Stockbridge,Cost Accountant,56-340-9040,,,502-978-1397,rstockbridge4o@usgs.gov,395 Forster Pass,Louisville,Kentucky,40250,,,6/1/2021
170,Blythe,Simon,VP Accounting,88-991-7741,,,574-550-2181,bsimon4p@parallels.com,04419 Paget Road,South Bend,Indiana,46614,,,7/20/2021
171,Tisha,Rubinchik,Environmental Specialist,09-773-3976,,,916-275-2787,trubinchik4q@tinypic.com,33205 Colorado Drive,Sacramento,California,94263,,,4/21/2021
172,Aveline,Gaukroger,Staff Scientist,34-544-7122,,,904-709-2065,agaukroger4r@jimdo.com,50 Fallview Center,Jacksonville,Florida,32244,,,5/3/2021
173,Darwin,Hepher,Information Systems Manager,05-922-5681,,,330-694-0147,dhepher4s@godaddy.com,82396 Brentwood Drive,Youngstown,Ohio,44511,,,12/10/2021
174,John,Nickels,Project Manager,36-659-4023,,,434-119-8850,jnickels4t@forbes.com,23 Atwood Court,Charlottesville,Virginia,22908,,,7/1/2021
175,Sam,Lilburne,Computer Systems Analyst II,33-101-8667,,,909-828-3767,slilburne4u@wordpress.org,62 Gerald Terrace,Pomona,California,91797,,,5/12/2021
176,Elbertine,Dayment,Speech Pathologist,01-415-2769,,,571-917-1720,edayment4v@issuu.com,09 Truax Place,Springfield,Virginia,22156,,,7/6/2021
177,Sibeal,Badcock,Assistant Professor,41-228-3112,,,860-206-0373,sbadcock4w@vk.com,325 Dryden Drive,Hartford,Connecticut,6183,,,3/27/2021
178,Jerrome,Hefforde,Programmer III,91-061-0157,,,413-973-9669,jhefforde4x@ftc.gov,9 Aberg Street,Springfield,Massachusetts,1129,,,3/18/2021
179,Dominik,Gwyllt,Financial Advisor,34-579-2757,,,505-864-5790,dgwyllt4y@stanford.edu,3 Eliot Junction,Albuquerque,New Mexico,87180,,,9/23/2021
180,Carry,Cornu,Product Engineer,55-992-0267,,,804-635-0090,ccornu4z@yellowpages.com,14498 Ilene Avenue,Richmond,Virginia,23228,,,1/18/2021
181,Lorens,Wheelwright,Sales Associate,78-023-1961,,,859-563-3140,lwheelwright50@opensource.org,8 Butternut Drive,Lexington,Kentucky,40510,,,9/1/2021
182,Juanita,Windebank,Administrative Assistant IV,21-374-8395,,,503-415-3051,jwindebank51@bbc.co.uk,1944 Declaration Hill,Portland,Oregon,97286,,,3/28/2021
183,Kyle,Everex,Marketing Assistant,72-160-7189,,,908-739-3313,keverex52@discuz.net,0118 Brown Road,Elizabeth,New Jersey,7208,,,8/29/2021
184,Eda,Yurikov,Media Manager II,40-437-3264,,,316-554-9411,eyurikov53@amazon.de,15472 Bartelt Park,Wichita,Kansas,67260,,,8/13/2021
185,Cullan,Batisse,Administrative Officer,28-310-7363,,,803-910-9378,cbatisse54@shutterfly.com,4 Schiller Pass,Aiken,South Carolina,29805,,,7/21/2021
186,Marchelle,Bangley,Quality Control Specialist,30-754-8303,,,614-518-3942,mbangley55@netvibes.com,2645 Park Meadow Road,Columbus,Ohio,43284,,,5/1/2021
187,Roselia,Kenvin,Executive Secretary,18-443-7770,,,415-485-5825,rkenvin56@last.fm,5080 Reindahl Crossing,San Francisco,California,94116,,,8/29/2021
188,Patrizius,Cyseley,Business Systems Development Analyst,64-484-3970,,,361-296-1304,pcyseley57@biglobe.ne.jp,02 Meadow Vale Junction,Corpus Christi,Texas,78405,,,8/20/2021
189,Kelwin,Kempshall,Help Desk Technician,64-723-4015,,,325-926-1403,kkempshall58@lycos.com,066 Tony Road,Abilene,Texas,79699,,,2/15/2021
190,Humphrey,Guerner,Internal Auditor,52-828-3206,,,505-609-3720,hguerner59@mozilla.com,29689 Doe Crossing Drive,Albuquerque,New Mexico,87121,,,1/7/2021
191,Bill,Gerkens,Business Systems Development Analyst,23-984-4649,,,202-241-9814,bgerkens5a@newyorker.com,989 Pennsylvania Park,Washington,District of Columbia,20508,,,2/14/2021
192,Babita,Derle,Research Associate,18-557-8775,,,503-462-8692,bderle5b@washington.edu,0529 Pine View Place,Portland,Oregon,97206,,,10/5/2021
193,Maryjo,Schmuhl,Product Engineer,30-512-6977,,,505-308-3663,mschmuhl5c@booking.com,92165 Loeprich Parkway,Albuquerque,New Mexico,87201,,,7/7/2021
194,Bat,Vanyutin,Structural Analysis Engineer,89-419-0541,,,202-343-1456,bvanyutin5d@e-recht24.de,929 Rieder Terrace,Washington,District of Columbia,20503,,,10/11/2021
195,Milena,Barcroft,Structural Analysis Engineer,09-905-9272,,,480-791-3859,mbarcroft5e@netlog.com,6 Thierer Alley,Tempe,Arizona,85284,,,9/10/2021
196,Milka,Saltsberger,Mechanical Systems Engineer,48-263-7247,,,302-210-7177,msaltsberger5f@google.com.br,8 Village Green Place,Wilmington,Delaware,19805,,,12/6/2021
197,Nicole,Piggins,VP Quality Control,04-710-8452,,,760-104-1768,npiggins5g@parallels.com,78 Amoth Street,Carlsbad,California,92013,,,7/13/2021
198,Loralee,Webbe,Biostatistician II,96-445-4533,,,503-397-7655,lwebbe5h@bigcartel.com,4218 Grim Place,Salem,Oregon,97306,,,2/16/2021
199,Washington,Tricker,Statistician I,42-646-8644,,,407-580-6684,wtricker5i@columbia.edu,17 Miller Road,Orlando,Florida,32859,,,11/12/2021
200,Mommy,Clampe,Geological Engineer,53-972-8321,,,509-293-4115,mclampe5j@phoca.cz,134 Mitchell Court,Spokane,Washington,99205,,,8/28/2021
201,Allianora,Bessent,Computer Systems Analyst II,22-061-7331,,,508-614-6901,abessent5k@deliciousdays.com,2789 Forest Road,Brockton,Massachusetts,2405,,,7/20/2021
202,Kylila,Bravey,Project Manager,95-765-9650,,,212-506-7036,kbravey5l@alibaba.com,7804 Shelley Parkway,New York City,New York,10160,,,1/4/2021
203,Adah,Filpo,Teacher,06-998-6476,,,408-622-5964,afilpo5m@tamu.edu,3 Fordem Way,San Jose,California,95194,,,12/4/2021
204,Pancho,Oloshkin,Staff Scientist,18-743-2657,,,920-847-7003,poloshkin5n@quantcast.com,1 Paget Road,Green Bay,Wisconsin,54305,,,5/23/2021
205,Gunar,Cianelli,GIS Technical Architect,32-468-4534,,,310-703-1619,gcianelli5o@scientificamerican.com,47 Packers Parkway,Anaheim,California,92805,,,8/26/2021
206,Clementius,Kinver,Senior Developer,93-132-2382,,,253-788-2256,ckinver5p@blogtalkradio.com,13 Derek Trail,Lakewood,Washington,98498,,,1/8/2021
207,Crin,Bifield,Budget/Accounting Analyst III,71-452-8985,,,443-897-1870,cbifield5q@hubpages.com,5 Myrtle Point,Baltimore,Maryland,21239,,,2/13/2021
208,Skippy,Gantlett,Pharmacist,05-272-3288,,,209-933-2532,sgantlett5r@microsoft.com,34502 Ridgeway Park,Stockton,California,95298,,,1/1/2021
209,Karim,June,Human Resources Assistant III,89-675-2127,,,646-597-4279,kjune5s@nbcnews.com,6 Prentice Park,New York City,New York,10004,,,9/21/2021
210,Melanie,Sallarie,Desktop Support Technician,11-606-2799,,,907-494-1285,msallarie5t@wikia.com,87 Melby Road,Anchorage,Alaska,99517,,,5/8/2021
211,Dianemarie,Millhill,VP Marketing,25-570-9481,,,734-238-9763,dmillhill5u@paginegialle.it,7 Nevada Junction,Ann Arbor,Michigan,48107,,,11/10/2021
212,Petrina,Bolus,Occupational Therapist,11-235-1989,,,804-835-7137,pbolus5v@npr.org,49 Summit Plaza,Richmond,Virginia,23242,,,8/6/2021
213,Ring,Oughtright,Financial Advisor,98-844-9132,,,785-836-7128,roughtright5w@princeton.edu,19 Crownhardt Park,Topeka,Kansas,66629,,,5/27/2021
214,Floria,Revans,Human Resources Manager,42-219-3899,,,407-442-5566,frevans5x@cornell.edu,311 Warner Lane,Orlando,Florida,32830,,,10/30/2021
215,Burke,Earpe,Research Nurse,10-566-4847,,,502-321-2263,bearpe5y@alibaba.com,57 Monica Lane,Louisville,Kentucky,40215,,,1/12/2021
216,Maddi,Kiefer,Automation Specialist II,26-612-4164,,,562-327-7088,mkiefer5z@gov.uk,6541 Claremont Park,Long Beach,California,90847,,,6/5/2021
217,Sephira,Shivlin,Accountant III,04-886-7693,,,218-977-3882,sshivlin60@nature.com,5345 Pennsylvania Circle,Duluth,Minnesota,55811,,,9/18/2021
218,Sammie,Noni,Safety Technician IV,58-465-7117,,,651-557-6326,snoni61@unicef.org,301 Fallview Junction,Minneapolis,Minnesota,55417,,,8/20/2021
219,Penny,Kayser,Media Manager II,31-220-8980,,,682-958-6751,pkayser62@state.tx.us,8 Bobwhite Avenue,Fort Worth,Texas,76178,,,9/22/2021
220,Yvor,Guillotin,Help Desk Technician,30-609-3416,,,847-968-6699,yguillotin63@wufoo.com,9 Shasta Center,Schaumburg,Illinois,60193,,,9/24/2021
221,Sherwynd,Elcoate,Developer IV,80-555-9566,,,402-393-0605,selcoate64@gmpg.org,96016 Claremont Junction,Omaha,Nebraska,68110,,,7/26/2021
222,Rania,Clearley,Assistant Manager,17-978-3910,,,901-109-4592,rclearley65@github.io,4898 Portage Road,Memphis,Tennessee,38161,,,4/21/2021
223,Jessi,Leheude,Senior Cost Accountant,68-625-3419,,,704-340-8546,jleheude66@bloglines.com,3 Calypso Pass,Charlotte,North Carolina,28215,,,5/30/2021
224,Karlee,Flisher,GIS Technical Architect,15-392-4973,,,561-229-0988,kflisher67@xing.com,4944 Welch Pass,West Palm Beach,Florida,33416,,,6/16/2021
225,Madelin,Grattan,Pharmacist,29-109-7531,,,540-995-8525,mgrattan68@census.gov,70 Melvin Trail,Roanoke,Virginia,24009,,,9/6/2021
226,Louise,Ollerhead,Recruiter,98-239-1911,,,515-718-5257,lollerhead69@dot.gov,096 Troy Terrace,Des Moines,Iowa,50369,,,4/24/2021
227,Leena,Woodson,Health Coach II,95-063-6105,,,901-105-2747,lwoodson6a@qq.com,18 Drewry Lane,Memphis,Tennessee,38126,,,10/11/2021
228,Blakeley,Baldinotti,Assistant Professor,28-633-9458,,,515-130-7019,bbaldinotti6b@tumblr.com,4777 Waywood Way,Des Moines,Iowa,50320,,,9/5/2021
229,Rafaela,Oda,Mechanical Systems Engineer,32-978-3268,,,920-787-3186,roda6c@go.com,91 Hauk Crossing,Green Bay,Wisconsin,54313,,,3/6/2021
230,Serena,Whorlow,Librarian,52-727-5051,,,757-113-2985,swhorlow6d@nih.gov,599 American Ash Center,Richmond,Virginia,23225,,,8/29/2021
231,Oswald,Hercules,Systems Administrator III,89-567-6878,,,919-561-0934,ohercules6e@nature.com,3 Mcbride Center,Raleigh,North Carolina,27621,,,6/23/2021
232,Hendrika,Wessel,Project Manager,93-715-3731,,,239-988-9339,hwessel6f@technorati.com,1 Scott Lane,Lehigh Acres,Florida,33972,,,12/27/2020
233,Jaclyn,Farmiloe,Marketing Manager,38-802-1600,,,214-992-6434,jfarmiloe6g@gizmodo.com,00779 Dapin Pass,Dallas,Texas,75277,,,4/12/2021
234,Denver,Mandal,Structural Engineer,46-262-9573,,,515-679-7167,dmandal6h@pen.io,82 Glacier Hill Drive,Des Moines,Iowa,50335,,,6/30/2021
235,Gusti,Daykin,VP Marketing,86-246-1450,,,347-945-8244,gdaykin6i@feedburner.com,96 School Point,New York City,New York,10270,,,2/28/2021
236,Aldo,Pawlick,Administrative Assistant III,62-252-6834,,,209-342-8806,apawlick6j@twitter.com,07176 Northridge Circle,Stockton,California,95205,,,1/31/2021
237,Ogdan,Boughen,Marketing Assistant,97-895-7762,,,512-917-3340,oboughen6k@toplist.cz,095 Victoria Park,Austin,Texas,78732,,,7/18/2021
238,Belinda,Paik,Staff Scientist,70-496-6078,,,310-140-2672,bpaik6l@dyndns.org,349 Nevada Way,Inglewood,California,90398,,,9/17/2021
239,Locke,Duckerin,Chief Design Engineer,86-564-8795,,,786-826-9448,lduckerin6m@i2i.jp,85 Lakewood Gardens Crossing,Hialeah,Florida,33013,,,4/27/2021
240,Eugenius,Dudleston,Operator,75-679-8193,,,757-282-5376,edudleston6n@tmall.com,683 Kedzie Center,Norfolk,Virginia,23509,,,9/2/2021
241,Beret,Turri,Financial Advisor,81-556-1116,,,303-818-2487,bturri6o@studiopress.com,24 John Wall Hill,Aurora,Colorado,80015,,,8/5/2021
242,Donaugh,Whiskin,Senior Financial Analyst,23-210-8228,,,682-208-6271,dwhiskin6p@fda.gov,9965 Northridge Alley,Fort Worth,Texas,76162,,,2/26/2021
243,Carmen,Moulds,Civil Engineer,33-244-7712,,,719-853-0216,cmoulds6q@illinois.edu,93601 Jay Alley,Colorado Springs,Colorado,80905,,,10/16/2021
244,Cletus,Bulteel,Budget/Accounting Analyst IV,02-633-2521,,,321-454-7993,cbulteel6r@hostgator.com,516 Lake View Plaza,Melbourne,Florida,32941,,,3/1/2021
245,Ringo,Mieville,Paralegal,11-603-3770,,,602-226-6110,rmieville6s@wikipedia.org,702 Manley Hill,Phoenix,Arizona,85040,,,3/16/2021
246,Nate,Itzakovitz,Information Systems Manager,76-104-6329,,,712-114-3561,nitzakovitz6t@cpanel.net,6649 Eggendart Center,Omaha,Nebraska,68134,,,1/16/2021
247,Rosalinda,Adamczyk,Design Engineer,04-575-2459,,,918-874-1344,radamczyk6u@gmpg.org,1041 Donald Crossing,Tulsa,Oklahoma,74156,,,3/27/2021
248,Delila,Isaacson,Marketing Manager,85-997-1779,,,907-348-7525,disaacson6v@delicious.com,74491 Steensland Circle,Anchorage,Alaska,99599,,,6/1/2021
249,Alexandra,Perago,Senior Editor,14-572-1814,,,334-714-9506,aperago6w@marriott.com,737 Talmadge Terrace,Montgomery,Alabama,36119,,,9/9/2021
250,Marylee,Basindale,Executive Secretary,83-589-4845,,,858-727-5830,mbasindale6x@com.com,958 Moulton Pass,Orange,California,92668,,,6/19/2021
251,Korey,Tupp,Civil Engineer,81-010-1350,,,717-100-7912,ktupp6y@multiply.com,02755 Cardinal Center,Lancaster,Pennsylvania,17605,,,6/12/2021
252,Lucas,Gwatkins,Staff Accountant I,38-143-4733,,,978-111-8808,lgwatkins6z@marriott.com,03681 Mccormick Hill,Boston,Massachusetts,2119,,,2/1/2021
253,Cynthie,Lancaster,Budget/Accounting Analyst III,33-358-7017,,,205-982-6875,clancaster70@istockphoto.com,6980 Mallory Plaza,Birmingham,Alabama,35236,,,7/24/2021
254,Raquel,Dunley,Marketing Manager,42-085-4291,,,323-247-7343,rdunley71@nih.gov,75 Sundown Pass,Los Angeles,California,90060,,,11/16/2021
255,Pinchas,McParlin,Programmer Analyst III,25-774-9464,,,540-456-2843,pmcparlin72@acquirethisname.com,054 Jay Terrace,Richmond,Virginia,23225,,,3/6/2021
256,Annabela,Pettendrich,Systems Administrator I,58-843-8053,,,336-571-1754,apettendrich73@people.com.cn,49 Spenser Crossing,Winston Salem,North Carolina,27150,,,9/20/2021
257,Adham,Hofton,Geologist IV,93-957-6452,,,510-258-6172,ahofton74@tinyurl.com,142 Myrtle Park,Berkeley,California,94705,,,5/4/2021
258,Anselm,Brissard,Environmental Specialist,45-672-7596,,,720-612-2114,abrissard75@is.gd,3633 Superior Court,Aurora,Colorado,80015,,,6/28/2021
259,Hardy,Belf,Graphic Designer,07-196-0429,,,765-887-6248,hbelf76@hud.gov,407 Reinke Street,Anderson,Indiana,46015,,,11/21/2021
260,Shermie,Mebius,Nurse,26-254-6298,,,323-144-0783,smebius77@purevolume.com,1366 Del Mar Lane,Glendale,California,91205,,,12/31/2020
261,Florina,Rosendale,Desktop Support Technician,74-288-8800,,,210-512-6008,frosendale78@ftc.gov,4 Crownhardt Parkway,San Antonio,Texas,78285,,,8/16/2021
262,Danyette,Hawkin,Payment Adjustment Coordinator,23-606-8463,,,775-293-4841,dhawkin79@purevolume.com,70504 West Road,Reno,Nevada,89550,,,4/14/2021
263,Royall,Bonney,Environmental Specialist,78-941-9512,,,863-523-6345,rbonney7a@hc360.com,0389 Green Terrace,Winter Haven,Florida,33884,,,6/27/2021
264,Grenville,Shelf,Graphic Designer,02-306-4651,,,818-786-4593,gshelf7b@ning.com,107 Hallows Trail,Glendale,California,91210,,,2/10/2021
265,Oby,Andreichik,VP Accounting,80-922-6396,,,302-692-0098,oandreichik7c@loc.gov,19693 Monterey Circle,Wilmington,Delaware,19886,,,9/11/2021
266,Bernardo,Hatter,Software Test Engineer I,46-584-1038,,,907-383-8028,bhatter7d@arstechnica.com,31 Vidon Road,Anchorage,Alaska,99522,,,12/30/2020
267,Wini,Deners,Recruiting Manager,61-285-3048,,,714-606-1912,wdeners7e@creativecommons.org,465 Redwing Hill,Anaheim,California,92812,,,9/3/2021
268,Roxane,Mullender,Compensation Analyst,90-165-7573,,,912-410-3179,rmullender7f@google.com.hk,34520 Havey Way,Savannah,Georgia,31422,,,10/28/2021
269,Jodee,Fardo,Physical Therapy Assistant,15-126-9952,,,813-381-9763,jfardo7g@weebly.com,88 Merchant Center,Tampa,Florida,33673,,,10/13/2021
270,Maible,Grizard,Associate Professor,15-383-4750,,,786-698-4767,mgrizard7h@uol.com.br,1 Meadow Vale Trail,Miami,Florida,33196,,,2/7/2021
271,Loralyn,Balsellie,Teacher,59-472-5438,,,281-179-5107,lbalsellie7i@bluehost.com,6 East Avenue,Houston,Texas,77065,,,6/16/2021
272,Enoch,Eubank,Editor,56-662-4141,,,915-854-9660,eeubank7j@independent.co.uk,2 Summer Ridge Drive,El Paso,Texas,79968,,,1/15/2021
273,Jeanine,Coppen,Paralegal,89-156-2790,,,414-592-3027,jcoppen7k@ovh.net,8 Charing Cross Junction,Milwaukee,Wisconsin,53277,,,3/25/2021
274,Starlin,Mannooch,Sales Associate,91-958-9239,,,915-418-0335,smannooch7l@webeden.co.uk,72 La Follette Plaza,El Paso,Texas,79999,,,11/3/2021
275,Basilius,Dybell,Actuary,56-249-5930,,,785-922-0618,bdybell7m@gravatar.com,65 Roxbury Way,Topeka,Kansas,66642,,,7/6/2021
276,Xymenes,Jaggar,Design Engineer,49-905-5565,,,515-315-7690,xjaggar7n@arstechnica.com,80 Dixon Junction,Des Moines,Iowa,50347,,,8/26/2021
277,Cathrine,Nichols,VP Marketing,86-831-4821,,,214-607-0136,cnichols7o@moonfruit.com,384 Lyons Park,Dallas,Texas,75310,,,3/22/2021
278,Harriet,Lebbon,Marketing Manager,21-030-6117,,,414-260-1131,hlebbon7p@hugedomains.com,1 Sunfield Trail,Milwaukee,Wisconsin,53234,,,12/7/2021
279,Lorrie,Slaten,Electrical Engineer,87-077-6944,,,619-263-4815,lslaten7q@zimbio.com,30 Melody Lane,San Diego,California,92191,,,11/14/2021
280,Sheryl,Drydale,Structural Engineer,28-345-4895,,,786-262-9256,sdrydale7r@gmpg.org,42613 Nova Way,Hialeah,Florida,33018,,,11/26/2021
281,Wayne,Mountain,Assistant Professor,48-832-1439,,,626-777-4240,wmountain7s@bloomberg.com,4 Melby Crossing,Alhambra,California,91841,,,9/5/2021
282,Emalee,Prozillo,Professor,71-995-6478,,,310-786-5259,eprozillo7t@freewebs.com,134 Towne Crossing,Inglewood,California,90398,,,1/21/2021
283,Tobin,Giorgione,Financial Advisor,68-368-1935,,,214-327-2897,tgiorgione7u@desdev.cn,1 Gerald Circle,Dallas,Texas,75216,,,12/17/2020
284,Anjanette,Simoni,Administrative Assistant II,77-287-6385,,,239-918-1479,asimoni7v@weather.com,9 Atwood Way,Naples,Florida,33963,,,8/7/2021
285,Garry,Rix,Senior Editor,14-811-8898,,,260-256-4321,grix7w@gmpg.org,822 Hagan Alley,Fort Wayne,Indiana,46857,,,10/11/2021
286,Terrie,Sate,Safety Technician II,09-045-3355,,,202-733-2822,tsate7x@ameblo.jp,0 Fordem Road,Washington,District of Columbia,20530,,,12/3/2021
287,Asia,Sheringham,Geologist I,71-381-9125,,,859-673-6746,asheringham7y@europa.eu,724 Center Park,Lexington,Kentucky,40524,,,5/24/2021
288,Danny,Giacomi,Staff Accountant III,83-439-9318,,,804-907-7373,dgiacomi7z@xinhuanet.com,8650 High Crossing Parkway,Richmond,Virginia,23277,,,2/14/2021
289,Karita,Dunkersley,Marketing Assistant,53-907-5369,,,425-471-5645,kdunkersley80@washington.edu,980 Rusk Crossing,Kent,Washington,98042,,,4/6/2021
290,Tamra,Sinkinson,Physical Therapy Assistant,61-533-4800,,,404-268-5363,tsinkinson81@netscape.com,1399 Cherokee Pass,Atlanta,Georgia,31132,,,7/13/2021
291,Randy,Dibbin,Structural Engineer,35-439-2028,,,608-108-8977,rdibbin82@globo.com,0 Independence Crossing,Madison,Wisconsin,53705,,,5/31/2021
292,Rosa,Kinnier,Speech Pathologist,75-517-7231,,,651-936-0129,rkinnier83@stumbleupon.com,677 Stephen Avenue,Saint Paul,Minnesota,55127,,,12/9/2021
293,Merola,Althorp,Editor,75-034-6486,,,817-282-8350,malthorp84@free.fr,7051 Elmside Road,Fort Worth,Texas,76147,,,11/21/2021
294,Corty,Noraway,Research Associate,64-141-6677,,,316-566-2768,cnoraway85@amazon.co.jp,21231 Helena Lane,Wichita,Kansas,67215,,,3/9/2021
295,Suzann,Bennion,Database Administrator II,43-754-5223,,,205-563-1417,sbennion86@va.gov,33 Superior Alley,Birmingham,Alabama,35285,,,12/7/2021
296,Aurelie,Lassetter,Actuary,44-012-4750,,,228-174-6331,alassetter87@cyberchimps.com,473 Butternut Trail,Gulfport,Mississippi,39505,,,5/10/2021
297,George,Gourlie,Environmental Tech,64-955-1713,,,513-429-4111,ggourlie88@wix.com,2578 Talmadge Street,Cincinnati,Ohio,45271,,,8/31/2021
298,Ardisj,O'Henecan,Statistician IV,94-388-6570,,,918-651-5875,aohenecan89@msn.com,452 Bay Court,Tulsa,Oklahoma,74184,,,11/30/2021
299,Tatiania,Whatman,Systems Administrator III,64-376-1629,,,303-486-0285,twhatman8a@amazonaws.com,535 Northfield Alley,Denver,Colorado,80223,,,8/25/2021
300,Aurelie,Behrendsen,Sales Associate,09-036-3281,,,562-888-4523,abehrendsen8b@forbes.com,2387 Toban Circle,Los Angeles,California,90020,,,8/8/2021
